site,wildtype,AAA,AAC,AAG,AAT,ACA,ACC,ACG,ACT,AGA,AGC,AGG,AGT,ATA,ATC,ATG,ATT,CAA,CAC,CAG,CAT,CCA,CCC,CCG,CCT,CGA,CGC,CGG,CGT,CTA,CTC,CTG,CTT,GAA,GAC,GAG,GAT,GCA,GCC,GCG,GCT,GGA,GGC,GGG,GGT,GTA,GTC,GTG,GTT,TAA,TAC,TAG,TAT,TCA,TCC,TCG,TCT,TGA,TGC,TGG,TGT,TTA,TTC,TTG,TTT
31,GCA,7,1,1,7,64,0,0,4,0,1,0,0,0,4,1,4,0,2,1,1,1,3,2,0,5,4,0,2,4,1,3,2,13,1,5,1,51009,1,2,2,3,1,0,1,9,0,1,0,0,2,0,1,13,1,0,1,0,0,1,0,2,0,0,1
32,GAA,17,0,0,3,2,4,0,1,1,0,0,0,0,0,1,2,7,0,0,3,3,0,3,3,0,2,1,0,0,1,0,3,51172,3,1,1,0,1,0,1,1,0,0,0,3,0,0,1,2,0,0,0,2,7,1,0,0,2,0,2,0,0,0,1
33,AAC,8,51158,5,8,0,5,1,8,3,6,4,2,3,3,2,0,2,3,1,1,0,4,1,0,2,0,0,0,4,1,2,0,1,3,3,0,1,1,1,2,1,2,0,3,2,0,1,1,0,2,0,2,1,2,1,0,0,2,0,1,0,0,1,0
34,TTG,2,0,0,2,1,0,1,5,0,3,1,0,1,1,3,2,4,3,0,1,0,1,0,0,0,0,2,0,3,0,9,0,0,1,0,0,0,1,0,2,0,0,1,0,0,0,2,1,0,1,1,1,3,0,10,0,0,0,1,0,7,1,51176,4
35,TGG,0,0,0,0,0,0,0,0,0,0,1,0,0,0,0,0,0,0,0,1,0,0,0,0,0,1,0,0,0,0,0,0,0,0,0,0,0,0,0,0,0,0,0,0,0,0,0,0,0,1,10,1,0,0,0,0,8,0,51207,1,0,0,5,3
36,GTC,0,0,0,0,1,2,1,1,0,0,0,0,2,33,0,0,0,1,0,0,0,3,1,0,0,0,0,0,0,0,0,0,0,0,0,1,3,17,5,1,0,0,0,0,4,51085,1,14,0,0,0,0,0,0,1,0,0,0,0,1,0,2,0,0
37,ACT,0,0,0,5,4,8,4,51189,0,2,0,1,0,0,0,10,0,1,0,0,0,0,1,0,0,0,0,0,0,0,0,0,0,0,0,0,0,0,0,5,0,0,1,2,0,0,0,0,0,0,0,0,2,0,1,3,0,0,0,0,0,0,0,0
38,GTC,0,0,0,0,0,0,0,0,0,0,0,0,3,27,0,1,0,0,0,0,0,0,0,0,0,0,0,0,1,3,0,1,0,1,0,0,0,4,0,0,0,0,0,0,7,51122,4,14,0,0,0,0,0,0,0,0,0,0,0,0,0,2,0,1
39,TAC,0,1,0,0,0,1,0,0,0,0,0,0,0,2,1,1,0,7,0,1,0,1,0,0,0,0,0,0,1,1,0,0,0,1,0,0,0,0,0,0,0,0,0,0,0,0,0,0,3,51215,2,15,0,1,0,0,0,1,3,0,1,1,0,2
40,TAT,0,0,0,3,0,0,0,0,1,0,0,0,0,0,2,0,0,0,0,9,0,0,0,0,0,0,0,0,0,0,1,0,0,0,0,0,1,1,0,0,0,0,0,0,2,0,0,1,1,1,0,51199,0,0,0,0,0,0,0,2,0,1,0,5
41,GGG,1,0,0,0,1,0,1,0,0,0,13,0,0,0,0,0,0,0,0,0,0,1,0,0,0,0,0,0,0,0,0,0,0,0,7,0,1,1,1,0,12,0,50902,11,0,0,7,0,0,0,0,0,0,0,0,0,1,0,1,0,0,0,0,1
42,GTA,0,0,0,0,0,0,0,0,0,0,0,0,29,0,0,0,0,0,0,0,0,0,0,0,0,0,0,0,0,0,0,0,0,0,0,1,12,1,0,0,0,0,0,0,50954,1,14,0,0,0,0,0,1,0,0,0,2,0,0,0,5,0,0,0
43,CCT,0,0,0,0,0,1,0,1,0,0,0,0,0,0,0,0,0,0,0,9,4,43,11,50680,0,0,0,0,0,0,0,3,0,0,0,0,0,0,1,1,0,0,0,1,0,0,0,0,1,0,0,0,0,0,0,12,0,0,0,0,0,0,0,0
44,GTG,6,0,2,0,1,0,0,0,0,1,2,1,2,1,25,6,1,0,0,0,1,0,0,0,0,1,0,1,0,0,1,0,0,0,1,0,2,0,4,0,0,0,0,0,13,1,50793,7,0,0,0,0,0,1,1,3,0,1,0,0,0,0,0,0
45,TGG,0,0,0,0,0,0,0,0,0,0,0,0,0,1,0,0,0,0,0,0,0,0,0,0,0,0,4,0,0,0,0,0,0,0,0,0,0,0,0,0,0,0,0,0,0,0,0,0,0,0,13,3,0,0,0,0,11,0,50850,4,0,2,4,5
46,AAA,50982,5,9,5,0,0,1,0,14,0,1,0,1,0,0,0,1,1,0,2,0,0,0,0,0,2,1,0,1,0,0,0,15,0,0,0,0,0,0,0,0,1,1,0,0,0,0,0,4,0,0,1,0,0,0,0,0,0,0,0,0,0,0,2
47,GAC,2,22,0,1,2,1,0,0,3,2,0,0,0,2,0,0,3,1,0,1,2,1,1,2,1,0,0,0,0,0,0,0,13,50889,0,23,2,4,1,5,0,3,1,0,1,1,0,1,0,4,0,1,0,0,1,2,0,0,0,0,0,1,0,0
48,GCA,0,0,0,0,75,3,1,0,0,0,0,3,1,0,0,0,0,0,4,0,0,0,0,0,0,2,1,0,0,0,0,0,5,0,0,1,50540,1,52,3,2,2,0,0,22,0,1,2,0,0,0,2,13,2,1,1,0,1,0,0,0,0,0,2
49,GAG,0,1,13,0,6,3,2,2,1,0,0,2,2,6,4,4,2,0,1,0,1,0,0,1,0,1,1,1,2,1,2,1,19,7,50532,7,1,5,2,3,0,1,11,1,4,1,9,3,0,1,1,1,3,2,2,0,0,0,0,0,0,2,2,2
50,ACC,0,4,1,0,6,50131,1,17,0,1,0,0,0,7,0,0,2,0,1,0,1,2,1,4,0,0,0,0,0,0,0,0,0,0,0,2,1,3,1,1,0,0,0,0,0,2,2,0,0,0,0,1,2,1,0,0,0,0,0,1,0,0,1,1
51,ACC,0,5,0,3,9,50724,1,7,0,1,0,1,1,18,1,2,0,2,0,0,0,1,1,1,0,0,0,0,1,0,0,1,0,0,1,0,0,0,0,0,0,0,0,0,0,1,0,2,0,2,0,1,2,0,0,0,0,0,2,0,0,1,2,0
52,TTA,0,0,0,0,0,0,0,0,0,0,0,0,4,0,1,0,0,0,0,0,0,0,0,0,0,0,0,0,18,2,0,0,0,0,0,0,1,0,0,0,0,0,0,0,1,0,0,0,0,0,0,0,1,0,2,0,0,0,2,0,51087,0,3,1
53,TTT,0,0,0,0,0,0,0,0,0,0,0,0,0,0,0,7,0,1,0,0,0,0,0,0,0,0,0,0,0,0,1,2,0,0,0,0,0,0,0,0,1,0,0,0,1,0,1,0,0,1,0,2,0,0,1,0,0,0,0,0,5,6,0,51133
54,TGT,0,0,0,0,0,2,0,0,0,0,0,2,0,0,0,0,0,0,0,0,0,0,0,0,0,0,0,2,0,0,0,0,0,0,0,0,0,0,0,0,0,0,0,0,0,0,0,0,0,0,0,5,0,0,0,0,2,15,0,51159,0,0,0,1
55,GCA,0,0,0,0,56,2,0,0,0,2,0,0,1,1,0,0,0,1,0,0,0,0,1,0,0,0,0,0,0,0,0,0,0,0,0,0,50734,1,7,0,0,1,2,1,110,1,1,1,0,0,0,0,4,0,1,0,0,0,0,0,0,0,0,0
56,TCA,0,1,0,1,7,3,1,0,0,8,0,1,2,0,1,0,0,10,2,5,4,0,1,0,0,0,0,0,0,0,0,0,0,0,0,0,0,1,0,1,0,0,1,0,0,0,1,0,1,0,0,0,50935,8,25,1,0,0,2,3,5,0,0,0
57,GAT,1,1,1,12,3,3,0,1,2,0,0,0,0,3,0,0,0,2,0,1,1,1,1,1,0,1,2,0,1,1,0,1,6,1,2,50485,2,0,0,0,2,0,2,3,1,0,2,2,0,0,0,11,3,2,2,0,0,0,0,0,0,2,0,0
58,GCT,1,0,0,2,0,0,4,50,0,0,0,1,3,0,0,0,1,0,2,0,3,1,1,1,1,0,1,3,0,0,1,0,0,0,1,6,0,11,0,50590,1,0,1,3,2,2,0,15,1,1,0,1,0,1,0,6,0,0,0,0,0,0,0,3
59,AAA,50703,0,6,5,1,0,0,0,2,0,0,0,2,0,0,0,0,0,0,0,0,0,0,0,0,2,0,0,0,0,0,0,4,0,0,0,0,0,0,0,0,0,0,0,0,0,0,0,0,0,0,0,0,0,0,0,0,0,0,0,1,0,0,0
60,GCA,1,3,0,6,28,1,0,1,0,2,0,2,2,0,0,1,7,4,2,2,2,3,2,4,0,0,1,0,0,0,1,0,0,0,0,0,50108,3,2,0,3,1,0,2,22,1,0,1,0,2,0,1,3,3,0,1,0,0,0,0,2,0,1,0
61,TAT,0,0,0,2,1,2,0,0,0,1,0,0,2,0,4,2,1,0,0,12,1,0,2,0,0,0,0,0,0,0,0,1,0,0,1,0,0,2,1,0,0,1,3,1,3,2,1,1,1,1,0,50682,0,0,0,1,0,0,0,7,0,2,2,0
62,GAG,4,1,7,2,2,2,0,0,0,1,1,0,1,0,3,0,0,0,1,0,0,1,0,0,0,0,0,0,1,0,0,0,5,1,49615,7,1,0,1,0,0,0,15,0,1,0,3,1,0,1,1,1,0,1,0,0,0,1,2,0,1,3,2,1
63,ACA,5,0,1,0,49350,4,5,3,4,0,0,0,12,2,1,1,1,1,0,3,2,0,1,0,2,0,0,1,3,0,0,1,0,1,0,0,11,1,1,3,0,1,0,0,2,2,1,1,0,0,0,0,2,1,0,0,0,0,1,1,0,0,0,1
64,GAA,7,6,0,3,0,0,0,0,0,1,0,0,0,0,0,1,0,0,0,0,0,0,0,0,0,0,0,0,2,1,0,0,48957,0,4,4,1,0,1,0,4,1,2,2,0,0,0,0,1,0,0,0,1,1,0,1,0,0,0,0,0,1,0,0
65,AAG,26,3,46595,12,2,1,2,1,2,0,3,0,1,1,1,0,0,1,1,2,1,0,0,0,0,3,2,0,0,0,0,1,2,4,1,2,0,0,0,0,1,2,0,0,1,0,0,1,1,0,1,1,0,0,1,0,0,1,0,0,1,0,0,0
66,CAT,0,0,0,11,0,2,1,1,0,1,0,1,3,2,0,0,8,3,4,49179,0,0,0,0,0,0,0,0,0,1,0,1,0,0,0,0,0,1,1,0,0,0,1,0,0,0,0,0,2,2,0,23,0,0,0,1,0,0,0,0,0,0,0,0
67,AAT,3,3,0,49965,2,1,0,0,0,0,0,3,1,0,0,0,0,0,0,0,0,0,0,0,0,0,0,0,0,0,1,0,1,2,1,13,0,0,0,0,0,0,0,0,0,1,0,2,0,0,0,1,0,0,0,0,0,0,0,0,0,0,0,0
68,GTC,0,2,0,0,0,0,0,0,0,0,0,0,0,15,0,1,0,0,0,1,0,1,0,0,1,0,0,0,1,0,0,0,0,0,0,0,0,4,0,1,1,1,0,1,3,43295,0,3,0,3,0,0,0,0,0,0,0,0,0,0,1,10,1,2
69,TGG,1,0,0,0,0,0,0,0,1,0,2,0,0,1,0,2,0,0,0,2,0,0,0,0,0,0,4,0,0,0,0,0,0,0,0,0,1,2,0,0,0,0,0,0,0,0,0,0,0,0,2,0,0,0,0,0,7,0,28212,2,0,0,1,1
70,GCT,2,0,0,1,0,0,0,23,0,0,0,0,1,0,1,0,0,4,0,2,0,0,0,0,0,0,0,0,1,1,2,0,2,0,1,2,1,3,1,34579,2,1,0,1,0,0,1,10,1,0,0,0,0,3,0,2,0,0,0,0,1,0,0,0
71,ACA,1,0,0,0,46938,1,5,0,1,0,0,1,16,1,0,0,1,0,0,0,0,0,0,0,1,0,0,0,0,0,0,0,0,0,0,0,0,0,0,1,1,0,0,0,0,0,0,0,0,1,0,0,0,0,0,2,1,0,0,0,0,0,0,0
72,CAT,0,2,0,2,0,0,0,0,0,1,0,1,0,0,0,0,1,7,0,47112,1,0,0,1,1,0,0,7,0,0,0,0,0,0,0,0,0,0,0,1,0,0,0,0,2,0,0,0,0,1,0,22,1,0,0,2,0,0,0,0,0,0,0,0
73,GCC,0,0,0,0,0,29,0,0,0,0,0,0,0,0,0,0,0,0,0,0,0,0,0,0,0,0,0,0,0,0,0,0,0,3,0,0,14,36385,0,8,0,0,0,0,0,15,0,0,0,0,0,0,0,3,0,0,0,0,0,0,0,0,0,0
74,TGT,0,0,0,0,0,0,0,0,0,0,0,4,0,0,0,0,0,0,0,0,0,0,0,0,0,0,0,9,0,0,0,0,0,0,0,0,0,0,0,0,0,0,0,3,0,0,0,0,0,0,0,16,0,0,0,1,0,4,0,32776,0,0,0,0
75,GTA,0,0,0,0,3,0,0,0,0,0,0,0,26,0,0,0,1,0,0,0,4,1,2,1,0,0,0,0,1,0,0,0,1,0,2,0,4,0,0,0,1,0,0,0,35841,0,6,1,0,0,0,0,1,0,0,0,0,0,0,0,1,0,0,0
76,CCC,0,0,0,0,0,1,0,0,0,0,0,0,0,0,1,1,1,5,0,1,6,31551,3,6,0,1,0,0,2,9,0,1,0,0,0,0,0,5,1,0,0,0,0,0,0,0,1,0,0,0,0,0,0,19,0,0,0,0,0,0,1,0,0,0
77,ACA,0,2,0,0,38125,8,32,9,1,0,0,0,11,0,0,2,1,3,1,2,3,0,0,0,1,0,1,0,0,1,0,1,0,0,0,0,1,1,0,0,0,0,0,0,1,1,0,2,0,4,0,0,2,0,0,0,0,0,0,0,0,3,0,0
78,GAC,0,15,0,0,0,1,0,0,0,0,0,0,1,0,0,0,0,3,0,0,0,0,0,2,1,1,0,0,0,0,0,0,3,10098,0,2,0,0,0,0,0,0,0,0,0,0,0,0,1,7,0,0,0,1,0,1,0,1,0,0,0,0,0,0
79,CCC,0,2,0,1,3,16,0,1,1,0,0,0,0,0,2,0,1,9,0,0,11,27643,0,1,0,0,0,0,1,5,0,0,0,0,0,0,0,0,0,0,0,0,0,1,0,0,0,0,0,0,0,1,0,12,0,0,0,0,0,1,0,0,2,1
80,AAC,5,31272,1,17,1,2,0,2,0,0,0,0,1,1,0,1,1,0,0,0,0,0,0,0,0,0,0,0,0,0,0,0,1,6,0,0,0,0,1,0,0,0,0,0,0,0,0,0,0,1,0,0,0,0,0,0,0,0,0,0,1,1,0,0
81,CCA,0,2,0,1,10,1,0,0,0,0,0,0,1,0,0,0,10,7,1,0,26600,0,0,1,0,0,0,0,1,0,0,0,0,0,0,0,1,1,0,0,0,0,0,0,0,0,0,0,0,1,0,0,7,0,0,1,0,2,0,1,0,1,0,0
82,CAA,4,0,2,0,0,1,4,3,0,0,1,0,2,1,0,3,50379,3,6,2,0,0,0,2,10,2,3,1,4,0,0,3,3,0,0,0,0,1,1,0,0,1,0,0,0,1,4,0,4,0,0,0,0,0,1,1,0,1,0,1,0,2,0,4
83,GAA,5,0,1,0,2,1,0,0,3,2,0,0,1,0,0,0,0,2,0,0,1,0,2,0,0,0,0,0,0,0,0,0,50379,2,4,2,0,0,0,0,1,0,1,0,0,0,0,0,3,1,0,0,1,2,0,1,0,0,0,0,0,0,0,0
84,ATA,4,0,0,5,2,0,2,4,1,0,0,4,50657,3,21,1,4,0,1,0,0,0,0,0,1,1,0,0,0,2,0,0,0,0,0,0,0,0,1,0,0,2,0,0,1,1,4,1,0,0,1,0,0,0,0,0,0,1,0,0,1,1,0,2
85,CAT,2,0,2,11,20,1,1,1,1,0,0,1,1,0,0,1,0,3,1,46580,1,1,0,1,1,0,0,2,1,0,0,0,1,0,0,0,0,1,0,0,1,0,0,0,0,0,0,0,0,1,0,13,4,0,0,1,0,0,0,0,4,0,0,5
86,TTG,0,1,0,0,0,0,1,0,1,0,1,0,3,5,4,0,0,0,1,0,0,0,0,0,0,0,0,0,3,0,4,0,1,0,0,0,0,0,0,0,0,0,0,0,1,0,0,0,0,0,0,0,0,0,3,1,1,0,1,2,7,0,47196,17
87,GAA,17,1,0,0,0,0,1,0,1,1,2,1,0,1,1,1,3,1,3,0,1,0,0,0,0,0,3,0,0,1,1,1,50480,1,1,1,1,1,0,2,32,2,0,0,0,1,0,2,1,0,0,0,1,0,1,0,0,0,2,0,1,1,0,1
88,AAT,2,4,1,50677,0,1,1,0,5,0,0,2,0,0,0,0,3,0,1,0,0,1,1,0,0,1,1,0,0,1,0,0,0,1,0,2,0,0,0,0,0,0,0,0,0,1,0,0,0,0,0,3,0,0,1,1,0,0,1,0,0,0,0,0
89,GTG,0,0,0,0,0,1,0,0,0,0,0,0,2,3,20,3,1,1,1,0,0,0,0,0,0,0,0,0,0,2,1,1,0,0,0,0,0,0,2,0,0,0,0,0,17,2,50818,5,0,0,0,1,0,0,0,0,0,0,2,0,0,0,3,1
90,ACT,1,1,1,10,1,4,0,50773,1,1,0,2,3,0,1,15,0,0,0,0,0,0,0,0,1,0,0,0,1,0,0,0,0,1,1,0,0,0,0,3,0,0,0,0,0,0,0,0,0,3,0,0,0,0,1,5,0,0,0,0,1,0,0,0
91,GAA,12,0,0,0,0,1,0,0,0,0,0,0,1,0,0,1,0,0,0,0,0,0,0,0,0,0,0,0,1,0,0,1,50961,4,10,2,0,1,0,0,4,2,0,0,0,1,0,0,1,1,0,0,0,0,0,0,0,0,0,0,0,0,0,0
92,GAG,1,0,8,1,0,0,0,0,1,0,0,0,1,0,0,0,0,0,0,0,0,1,0,0,0,0,0,0,0,0,0,0,25,0,50949,9,0,0,0,0,0,0,2,0,1,0,1,0,0,0,0,0,0,0,0,0,0,0,0,0,0,0,0,0
93,TTT,0,0,0,0,0,0,0,0,0,0,0,0,0,0,1,0,0,0,0,0,0,0,0,0,0,0,0,0,0,0,0,3,0,0,0,0,0,0,0,0,0,0,0,0,0,0,0,0,0,0,0,3,0,0,0,1,0,0,0,0,1,0,0,51001
94,AAC,9,51044,2,12,0,1,0,0,0,25,0,0,0,0,1,0,1,1,1,2,0,0,1,0,0,1,0,1,0,0,0,0,0,5,0,2,0,0,0,0,1,1,0,0,0,0,2,0,0,3,0,1,1,0,0,4,0,0,0,0,0,4,0,0
95,ATG,0,0,0,0,1,0,4,2,0,0,0,0,18,1,51048,2,0,0,0,0,0,0,0,0,0,0,0,0,0,2,3,1,2,0,0,0,0,5,2,1,1,0,1,0,1,0,6,0,0,0,0,1,4,0,0,0,0,1,0,0,1,0,2,0
96,TGG,0,0,0,0,0,0,0,0,0,0,1,0,0,0,1,0,0,1,0,2,0,0,0,0,0,0,6,0,0,0,0,0,0,0,0,0,0,0,0,0,2,0,0,0,0,0,0,0,1,1,5,2,0,0,0,0,7,0,51139,0,0,1,0,0
97,AAA,51200,1,3,4,2,2,1,1,1,2,1,1,0,0,2,3,2,0,2,0,1,0,0,0,1,2,2,1,0,1,0,0,8,0,0,1,0,2,0,0,0,2,1,1,0,0,0,0,0,0,0,2,2,3,1,0,0,0,0,0,0,0,0,0
98,AAT,0,4,0,51178,1,0,0,1,0,0,0,2,0,0,0,18,0,2,1,2,0,1,0,0,0,0,0,0,0,0,0,1,0,0,0,0,0,0,0,1,0,0,0,0,0,0,0,0,0,0,0,0,0,1,2,1,0,0,0,1,1,0,0,0
99,AAC,8,51160,1,14,2,3,2,1,0,10,0,1,0,1,0,0,3,0,0,0,1,0,0,3,0,1,3,1,1,0,0,0,0,13,1,1,0,0,2,2,2,1,0,0,1,0,0,0,0,1,0,0,2,2,0,0,0,1,0,1,2,1,0,0
100,ATG,1,0,1,0,0,0,0,0,0,0,2,0,13,2,51206,4,0,0,0,0,0,0,0,0,0,0,0,0,0,2,1,0,0,0,0,0,0,0,0,0,0,0,0,0,0,2,9,0,0,0,0,0,0,0,0,0,0,0,1,0,0,0,2,0
101,GTA,0,0,0,0,1,0,0,0,0,0,0,0,21,0,0,1,0,0,0,0,1,0,0,1,0,0,0,0,0,0,0,0,0,0,0,0,4,0,0,1,2,0,0,0,51185,2,10,1,0,0,0,0,0,0,0,0,1,0,0,0,4,0,0,0
102,GAG,2,0,11,0,1,0,1,1,0,1,0,0,0,0,0,0,2,1,2,0,0,0,0,0,1,1,0,1,1,0,0,0,32,8,51149,7,0,0,0,0,0,0,3,1,1,0,2,0,0,1,1,0,1,2,0,0,0,0,2,0,1,0,1,2
103,CAG,0,0,3,0,0,0,1,1,0,0,0,1,1,1,0,0,24,4,51040,1,0,0,0,2,0,1,8,2,0,1,0,0,0,0,2,0,0,0,0,0,0,0,0,0,0,0,0,0,0,0,52,0,1,1,0,0,0,0,0,0,0,0,0,0
104,ATG,0,0,1,1,0,0,3,0,0,0,0,0,49,6,51063,9,1,0,0,0,0,0,0,0,0,0,0,0,0,0,2,0,0,0,0,1,0,1,1,0,0,0,0,0,0,1,2,1,0,3,1,4,0,0,0,0,0,0,0,0,0,0,1,0
105,CAT,0,2,0,13,1,0,0,1,1,1,1,3,0,0,0,0,6,5,1,51118,0,0,0,0,0,0,0,1,1,0,0,0,0,1,0,1,1,0,1,0,0,1,0,0,0,0,0,0,0,0,0,25,1,0,1,0,0,0,2,0,2,2,0,1
106,ACA,7,1,0,0,51098,4,16,3,0,0,0,1,25,3,3,1,0,3,0,3,0,0,0,0,0,0,0,0,2,0,2,0,0,2,1,0,16,7,2,0,0,0,0,0,2,0,1,1,0,1,0,1,3,3,0,1,2,0,0,1,1,2,3,0
107,GAT,0,0,0,11,0,0,0,0,0,0,1,1,0,0,0,0,0,0,0,1,0,0,0,0,0,0,2,0,0,0,0,0,1,8,2,51186,0,1,1,0,0,1,0,1,0,0,0,1,0,0,0,3,0,1,0,0,0,0,0,0,0,0,0,0
108,ATC,0,2,0,0,6,5,6,0,0,2,0,0,8,51152,3,8,2,0,1,1,0,0,0,0,0,0,2,0,1,2,0,0,0,0,0,0,1,2,2,2,0,0,0,0,3,6,2,2,0,1,0,1,1,3,0,1,0,2,0,0,3,3,2,1
109,ATC,0,4,0,1,5,16,1,1,0,4,0,1,4,51093,4,16,2,5,3,2,0,1,1,0,2,0,2,0,1,1,0,1,2,0,3,0,0,0,0,0,3,0,0,0,0,6,1,0,1,0,0,0,0,2,1,1,1,1,0,0,1,4,3,1
110,AGT,2,2,1,15,1,0,1,5,6,6,1,51166,1,0,2,5,1,0,0,0,0,0,0,0,0,2,0,2,0,0,0,2,2,3,2,2,0,3,0,1,5,1,0,11,0,0,0,0,0,1,0,5,2,0,4,0,0,1,1,2,5,1,1,0
111,CTA,0,1,0,0,0,1,0,0,0,0,0,0,11,1,0,3,8,1,0,0,8,0,0,0,0,0,0,0,51189,1,7,1,0,0,0,0,1,0,0,0,0,0,0,0,1,0,0,1,0,0,0,0,1,1,0,0,0,0,0,0,10,0,0,0
112,TGG,0,0,0,1,3,0,0,0,0,2,0,0,0,0,6,0,1,1,2,0,2,0,1,0,0,0,4,0,1,0,0,0,0,0,0,0,0,2,0,1,0,0,0,0,1,3,2,2,0,3,5,1,2,0,1,0,12,3,51172,4,1,2,6,2
113,GAC,0,7,0,0,0,2,3,4,0,2,0,1,2,0,0,0,1,2,5,0,0,0,0,0,0,0,0,0,0,1,1,0,12,51159,8,13,2,4,4,0,0,9,1,1,0,0,0,1,0,2,0,0,0,1,0,0,0,0,0,0,0,0,0,0
114,CAA,4,1,2,0,2,3,0,1,2,0,0,1,1,0,0,0,51095,2,2,2,0,0,0,0,12,1,0,1,4,0,1,1,6,3,0,3,2,0,3,0,0,1,0,0,0,0,1,0,6,0,0,0,1,0,0,2,0,0,1,0,0,0,1,0
115,AGC,0,9,1,0,0,0,0,0,4,51152,0,11,2,2,0,0,1,2,0,0,0,0,0,1,0,2,0,0,0,0,1,0,0,0,0,0,6,1,4,3,0,4,0,2,0,0,2,1,0,1,1,0,5,1,2,0,0,5,0,0,0,0,0,0
116,CTA,0,0,0,1,0,0,0,0,0,0,0,0,3,1,0,0,1,0,1,4,16,0,1,0,0,0,0,1,51177,1,9,1,0,0,0,0,0,0,0,0,0,0,0,0,0,0,0,0,3,0,0,3,0,0,0,0,1,0,0,0,12,0,2,0
117,AAG,17,1,51151,8,2,0,2,1,1,0,3,4,1,0,4,1,4,0,3,2,0,0,0,1,3,0,2,1,1,0,5,1,1,0,9,0,3,0,3,1,2,0,1,0,1,0,1,1,0,0,2,3,1,0,1,2,0,1,1,1,1,0,2,1
118,CCA,0,0,0,0,8,2,1,1,1,0,0,0,3,0,3,0,10,1,1,1,51109,2,5,0,0,0,0,0,4,0,0,0,2,0,2,0,1,0,0,1,0,1,0,0,1,1,1,1,1,1,0,3,37,1,1,2,0,0,1,0,0,0,0,1
119,TGT,0,0,1,1,1,0,0,0,0,1,0,2,1,0,2,0,0,0,1,0,0,0,0,0,1,2,1,10,0,1,0,0,0,1,1,0,6,6,0,0,0,0,0,1,1,0,0,2,2,1,0,13,0,0,0,3,1,14,2,51192,0,0,0,1
120,GTA,5,0,2,1,2,0,2,0,2,1,1,0,20,0,1,1,1,2,0,0,0,1,0,0,1,2,0,0,2,3,3,7,1,1,2,3,1,2,0,0,2,0,1,0,51166,6,6,3,0,1,0,0,0,0,0,1,0,0,2,0,11,1,2,0
121,AAG,15,5,51184,7,2,1,0,1,0,2,5,9,0,1,1,0,1,1,1,1,2,2,1,3,1,1,0,1,1,1,1,0,1,0,6,0,0,0,1,0,0,0,0,0,1,3,2,1,1,0,0,2,1,5,2,2,0,2,0,2,0,0,1,0
122,TTA,0,0,0,0,0,1,0,0,0,0,0,0,2,0,0,0,0,0,0,0,1,0,0,0,0,0,0,0,9,1,3,2,0,0,0,0,0,0,0,0,0,0,0,0,0,0,0,0,0,0,1,0,3,0,0,0,0,0,0,0,51234,0,13,1
123,ACC,0,11,0,2,3,51096,2,26,0,4,3,4,2,16,0,1,0,5,0,0,0,2,1,0,1,1,0,0,1,0,0,0,0,0,2,1,1,7,1,0,2,2,1,0,0,1,1,0,0,1,0,0,3,0,1,0,0,2,0,0,0,0,0,0
124,CCT,0,1,1,2,0,0,0,2,0,1,0,0,0,1,1,0,2,0,2,6,4,13,1,51157,0,5,1,0,0,0,1,7,1,0,0,1,1,0,0,0,1,0,0,1,0,0,0,0,0,0,0,0,6,4,1,17,0,0,0,0,1,0,0,0
125,CTC,0,0,0,0,0,0,0,0,0,0,0,0,0,2,0,1,0,0,0,0,0,2,0,0,0,1,0,1,7,51253,1,7,0,0,0,0,0,0,0,1,0,0,0,0,0,0,0,0,0,0,0,0,0,0,0,0,0,0,0,0,1,3,0,0
126,TGC,0,0,0,0,0,0,0,0,0,3,0,0,0,1,0,0,0,0,0,0,0,0,0,0,0,4,0,0,0,0,0,0,0,1,0,0,0,0,0,0,0,0,0,0,0,1,0,0,1,9,0,0,0,0,0,0,1,51161,0,47,0,2,0,0
127,GTT,4,0,0,0,1,4,0,0,2,0,1,0,2,1,1,32,2,0,0,0,0,0,0,0,1,0,2,2,0,1,1,0,0,0,0,1,0,2,0,9,0,0,3,0,3,9,5,79310,1,0,0,0,2,0,1,0,0,0,0,3,1,0,1,3
128,ACT,0,0,0,4,2,18,2,79340,0,0,0,1,0,3,1,17,0,0,0,0,0,0,0,1,0,0,0,0,0,0,0,1,2,0,0,0,0,1,0,4,0,0,0,1,1,0,0,2,1,0,0,0,1,1,1,1,2,0,0,0,0,0,1,0
129,CTA,1,0,0,1,0,0,0,0,0,0,0,0,12,0,4,0,0,0,0,0,14,0,0,0,1,1,0,0,79285,5,16,6,0,0,0,0,0,0,0,0,0,0,0,0,0,0,0,0,0,0,0,0,0,0,0,0,0,0,0,0,12,2,2,0
130,CAG,4,3,8,8,0,3,0,2,3,0,2,1,0,3,3,2,32,4,79194,10,0,0,0,0,10,2,15,3,2,3,3,5,0,2,2,1,0,2,0,0,1,0,0,1,4,2,2,1,0,0,11,0,0,4,1,1,0,0,2,1,2,0,1,1
131,TGT,0,0,0,0,0,0,0,0,0,0,0,4,0,0,0,0,0,0,0,0,0,0,0,0,0,0,0,3,0,0,0,0,0,0,0,0,0,0,0,0,0,0,0,1,0,0,0,0,0,0,0,28,0,0,0,1,6,24,0,79301,0,0,1,1
132,ACC,1,5,1,0,12,79184,2,14,1,2,2,1,4,27,1,1,2,1,1,5,1,0,0,0,1,0,0,2,0,2,0,8,1,2,3,0,0,6,0,0,2,1,5,0,1,2,0,1,0,3,0,2,0,4,2,3,0,1,1,0,5,2,0,0
133,AAT,5,7,0,79277,3,2,0,3,0,3,2,4,1,0,0,1,7,2,1,2,2,4,1,5,0,0,0,1,4,0,1,1,1,0,0,9,2,0,1,3,0,2,1,1,1,0,4,4,0,4,2,7,0,1,0,3,0,2,0,0,3,0,4,2
134,GTC,2,2,0,0,1,0,0,0,0,0,0,0,0,29,0,2,0,0,0,0,7,6,9,4,0,0,0,0,1,5,5,3,1,1,0,0,0,11,0,0,1,0,1,1,13,79204,4,20,0,2,0,2,0,1,0,2,0,0,0,0,2,2,1,0
135,ACC,3,9,2,5,11,79171,4,9,1,0,3,0,3,15,1,1,1,2,7,0,2,1,5,2,3,1,0,3,3,0,3,1,1,3,0,1,1,14,6,2,0,4,3,4,0,4,4,3,0,0,0,2,3,4,2,0,0,3,2,0,2,3,0,4
136,AAT,9,10,2,79243,0,2,1,2,0,0,2,1,0,0,1,3,3,2,2,5,1,1,0,0,2,0,2,2,0,0,0,0,0,0,1,1,0,2,1,1,4,0,3,0,0,1,0,1,0,1,0,4,2,0,0,1,0,0,0,2,2,0,2,1
137,AAT,4,12,0,79303,2,0,0,1,1,2,0,5,1,0,2,1,2,1,0,2,0,0,0,0,1,0,0,0,0,0,0,1,0,0,0,8,0,0,1,0,0,0,1,1,0,0,0,0,0,0,0,1,2,2,0,2,0,0,0,0,0,3,1,1
138,ATC,5,7,0,0,3,12,0,0,1,2,0,1,11,79151,2,23,2,0,0,0,1,1,2,0,0,1,0,0,1,3,0,0,0,0,1,1,1,1,0,0,0,1,1,1,1,9,2,6,0,1,0,2,2,1,2,5,0,1,0,0,2,3,0,0
139,ACT,0,0,0,19,4,14,3,79190,2,0,0,2,0,0,0,11,0,0,0,0,0,0,0,0,0,0,0,0,0,0,0,0,1,0,0,0,0,0,0,7,0,0,5,1,0,0,0,1,0,1,0,0,0,0,0,0,0,0,1,0,0,1,0,0
140,GAT,0,1,3,23,1,1,3,1,0,0,3,0,2,1,2,0,2,1,1,1,0,3,2,0,0,0,2,0,1,1,3,0,2,7,8,78192,0,0,0,0,0,0,0,8,0,0,0,1,1,2,0,6,5,0,2,0,0,1,0,0,3,1,2,0
141,GAC,1,13,1,3,6,1,5,1,3,4,4,2,0,0,0,0,4,5,1,0,3,5,0,3,3,2,1,0,0,0,0,0,8,78554,9,34,1,3,0,0,1,10,2,3,1,1,1,1,2,12,0,1,2,1,2,2,0,0,1,3,1,0,0,1
142,ATG,1,0,16,0,0,0,11,0,0,1,0,0,16,3,78340,6,2,0,0,1,2,2,1,1,1,0,1,0,1,0,2,0,0,1,2,1,0,1,0,0,0,2,1,0,0,1,10,0,0,2,0,0,0,2,0,0,0,0,1,0,2,1,1,0
151,AGG,3,1,18,2,1,3,0,0,19,0,78352,15,3,1,21,0,1,2,0,0,0,2,0,1,1,2,2,3,0,1,1,2,0,0,0,2,1,3,2,2,0,1,15,2,0,0,1,0,0,2,0,0,0,1,0,0,0,0,1,1,2,0,3,2
152,GGA,1,1,0,1,0,0,2,4,23,1,2,2,1,1,2,0,2,1,0,4,0,0,0,0,0,0,1,2,0,0,0,0,8,3,3,0,4,2,1,1,78855,5,45,9,3,2,1,1,0,0,1,2,0,0,1,2,0,0,0,0,0,1,0,1
153,GAA,26,0,0,0,0,0,0,0,0,1,0,0,1,0,0,0,3,0,1,2,0,0,0,0,0,1,0,0,0,2,2,1,78841,0,7,5,0,0,0,0,0,0,1,3,1,0,0,0,2,1,0,0,0,1,0,1,0,1,0,0,0,1,2,1
154,TTA,0,0,0,0,1,0,0,2,0,0,0,0,5,6,1,2,0,1,0,0,0,0,0,0,0,0,0,0,4,1,1,0,0,0,0,0,1,1,0,0,0,0,0,0,1,2,0,1,1,1,0,2,6,0,0,0,1,0,3,0,79055,3,10,2
155,AAA,79061,1,5,2,1,3,2,0,5,0,0,1,2,0,2,1,3,4,0,1,0,0,0,0,0,1,1,1,1,2,1,0,2,0,0,0,0,2,0,0,0,0,0,1,1,0,0,0,0,1,0,1,0,0,0,1,0,0,0,0,3,2,2,3
156,AAC,4,78726,1,19,0,1,0,0,0,3,0,0,1,2,1,0,0,0,0,0,0,0,0,2,1,0,0,1,0,0,0,1,0,0,0,0,0,0,0,0,0,0,0,0,0,0,1,0,0,0,2,0,0,0,0,0,0,1,0,0,2,0,0,0
157,TGC,0,0,0,0,0,0,0,0,1,1,0,0,0,0,0,0,0,0,0,0,0,0,0,0,0,1,0,0,0,0,0,0,0,0,0,0,0,0,0,0,0,0,1,0,0,0,1,0,0,90,1,0,0,0,0,0,0,78641,0,29,0,7,0,0
158,TCT,0,0,0,0,0,2,2,4,0,1,0,1,0,1,0,0,0,0,0,0,1,0,0,2,0,0,0,0,0,0,0,0,0,0,0,0,0,0,0,0,0,0,0,0,0,0,0,0,0,0,1,1,3,8,6,79212,0,0,0,0,0,0,0,1
159,TTC,0,0,0,0,0,0,0,0,0,0,0,0,1,1,0,0,0,0,0,0,0,0,0,0,0,1,0,0,0,2,0,0,0,0,0,0,2,1,0,0,0,0,0,0,0,1,0,0,1,3,0,3,1,5,0,0,1,1,1,0,8,79220,1,5
160,AAT,7,14,3,79080,3,1,1,3,0,3,0,1,0,2,2,3,1,0,0,5,1,0,1,1,1,0,0,0,3,1,0,3,4,0,1,14,0,0,1,0,1,1,1,0,1,0,2,0,0,0,0,7,0,2,2,0,0,1,0,1,0,1,1,0
161,ATG,2,1,3,0,0,5,3,0,0,0,1,0,28,5,78857,10,0,0,0,0,0,1,0,0,0,0,0,0,6,1,2,6,0,0,0,0,0,0,2,1,0,0,0,1,2,2,34,1,1,0,0,2,1,2,1,1,0,0,0,0,6,0,6,0
162,ACC,0,10,0,0,21,78211,1,14,0,3,2,0,1,9,0,0,1,1,0,0,0,3,1,3,0,0,0,1,1,0,0,0,1,1,1,1,1,18,1,0,0,0,0,0,0,2,0,0,0,0,0,0,1,2,0,1,0,0,0,0,0,0,0,1
163,ACA,4,1,0,0,78542,15,80,11,0,0,0,0,11,0,0,0,0,0,0,1,0,0,0,0,0,0,1,0,0,0,0,0,0,1,0,0,1,0,2,1,1,0,0,1,0,0,0,0,1,0,0,0,3,0,1,2,0,1,1,0,0,0,0,0
164,GAG,0,0,10,0,0,0,0,0,0,0,0,0,2,1,1,2,0,1,1,1,0,0,1,0,0,0,0,0,0,0,0,1,60,0,77542,1,0,0,1,1,0,0,0,1,0,1,1,1,0,1,7,4,0,0,0,0,0,0,0,0,0,1,0,0
165,CTA,0,0,0,0,0,1,0,0,0,0,0,0,7,0,0,0,1,0,1,0,1,0,0,1,0,0,0,1,78153,6,6,4,0,0,0,0,0,0,0,0,0,0,0,0,0,0,0,0,0,0,0,1,0,0,0,0,1,0,0,0,18,0,0,0
166,AGG,0,1,18,0,1,3,2,1,26,2,76863,12,8,1,47,5,4,2,6,1,0,0,0,0,1,0,10,0,0,0,0,2,1,0,0,1,0,3,2,1,0,0,16,0,3,4,2,2,0,5,0,4,0,0,4,3,1,0,3,1,0,0,1,2
167,GAT,0,0,0,10,0,1,0,2,0,0,0,0,0,0,1,0,0,0,0,1,0,0,0,1,0,0,0,0,0,0,0,0,3,11,3,77024,0,0,0,1,0,0,0,2,0,0,0,0,1,0,0,2,0,0,0,0,0,0,0,0,0,0,0,0
168,AAG,22,0,77748,0,1,1,4,0,1,0,48,1,1,1,3,2,0,1,1,0,0,0,0,0,0,1,3,3,0,0,3,0,0,0,23,0,0,0,0,0,0,0,0,0,1,2,0,2,0,2,0,0,0,0,0,0,0,0,1,3,0,1,0,0
169,AAA,78502,0,6,1,10,10,1,7,4,1,0,1,7,4,1,0,3,5,2,3,0,1,0,0,2,4,1,1,6,1,1,1,3,1,2,0,0,2,0,0,0,0,0,0,2,2,7,1,1,2,0,0,1,3,5,5,0,0,2,1,2,2,2,2
170,CAG,1,0,8,0,1,1,0,0,1,0,0,0,0,0,0,0,15,0,76254,2,0,0,2,0,2,0,0,0,0,0,1,0,1,0,0,1,0,0,1,0,0,0,0,0,0,0,0,0,0,0,5,0,1,0,2,0,0,1,0,0,1,0,0,0
171,AAG,19,4,75605,3,4,2,4,0,0,0,7,0,5,2,4,1,2,0,2,0,0,5,1,0,0,3,0,2,0,0,3,3,3,1,8,1,0,1,0,0,0,1,0,0,2,3,1,1,3,4,0,1,1,2,0,1,0,2,0,0,0,0,1,2
172,GTT,0,0,0,0,1,0,2,1,1,1,1,0,1,0,0,15,0,1,0,0,0,0,0,1,0,0,1,0,0,0,1,1,0,0,0,2,1,1,0,3,0,0,0,2,2,5,2,66137,0,1,1,2,0,0,0,0,0,2,0,1,1,0,0,4
173,TAT,0,2,0,3,1,0,3,1,1,2,2,1,1,0,4,1,3,0,0,3,0,0,1,0,1,1,2,5,0,1,0,1,0,0,1,1,1,0,0,1,1,0,0,0,0,0,0,1,0,4,0,74131,1,0,0,0,0,0,3,1,0,2,0,3
174,TCA,0,0,0,0,4,2,1,3,0,0,0,0,0,0,1,0,0,0,0,1,6,2,0,0,0,0,0,0,0,0,0,0,0,0,0,1,4,1,1,1,1,1,0,0,1,2,1,0,4,0,0,0,71389,0,1,1,0,1,0,0,9,0,0,0
175,CTT,0,0,0,1,1,0,0,0,0,1,0,0,0,0,0,7,0,0,0,0,0,0,0,122,0,0,0,0,7,6,3,74474,0,0,0,0,0,1,0,0,0,0,0,0,0,0,0,0,0,0,0,0,0,0,0,0,0,0,0,0,1,1,0,22
176,TTT,0,0,0,0,0,0,0,0,0,0,0,0,0,0,0,3,0,0,0,0,0,0,0,0,0,0,0,0,2,0,0,2,0,0,0,0,0,0,0,0,0,0,0,0,0,0,0,1,0,0,0,1,0,0,0,7,0,0,1,0,1,6,4,72152
177,TAT,0,3,0,1,0,0,1,0,0,0,0,0,11,0,1,0,0,0,1,2,0,0,0,0,2,0,0,0,1,0,0,0,0,0,0,1,0,0,0,0,0,0,0,0,0,0,0,0,0,6,0,74855,0,0,0,0,0,0,0,2,4,0,0,1
178,AGA,14,0,1,1,4,0,1,1,64381,2,2,5,15,0,0,0,1,0,1,2,0,0,0,0,1,2,0,0,0,1,0,2,0,1,1,1,1,3,0,0,21,0,0,0,0,0,1,0,0,0,1,0,0,3,3,2,0,0,0,0,1,0,3,0
179,CTA,0,0,0,0,0,0,0,2,3,0,1,0,2,0,1,0,2,0,0,0,3,0,0,0,0,0,0,0,69495,1,7,3,0,0,1,0,0,0,0,0,0,1,0,0,1,0,0,1,0,1,3,0,0,0,1,0,0,0,0,0,7,0,0,0
180,GAT,0,0,0,7,0,0,2,0,3,0,0,1,0,0,1,0,0,0,0,0,0,0,0,0,0,0,0,0,0,0,0,0,2,3,0,57045,0,0,0,0,0,0,0,0,0,0,0,0,1,0,0,1,0,0,0,0,0,0,0,0,0,0,0,0
181,GTA,0,1,0,0,0,0,0,1,0,0,0,0,31,2,0,2,0,0,0,0,0,0,0,0,0,0,0,0,1,1,0,2,0,0,0,0,2,0,0,0,0,0,0,0,59352,1,12,1,0,0,7,0,2,0,0,0,1,0,0,4,20,0,0,0
182,GTA,0,0,0,0,4,0,0,0,0,0,0,1,19,2,0,0,0,0,0,0,0,0,0,1,0,0,0,0,1,0,1,0,0,0,0,0,8,0,1,1,0,0,0,0,54896,1,7,3,0,6,0,0,0,0,0,0,0,0,0,1,4,0,0,0
183,CAA,23,0,1,0,2,1,1,0,0,0,0,0,0,0,0,1,66105,0,2,0,2,3,0,0,1,1,0,0,4,0,0,0,1,0,0,0,0,0,0,1,0,0,1,0,0,0,0,0,15,0,0,0,0,0,0,0,0,0,0,0,1,0,0,2
184,ATT,0,0,0,3,2,0,0,1,0,0,0,0,4,5,0,59454,0,0,0,0,0,0,0,0,0,0,0,0,0,2,1,4,0,0,0,0,0,0,0,0,0,0,1,0,0,0,0,2,1,0,0,0,0,0,0,1,0,0,0,0,5,1,0,1
184a,AAC,15,50951,1,39,0,1,0,0,0,5,0,1,0,0,0,0,1,1,0,1,0,1,0,0,0,0,0,0,0,0,0,0,0,2,1,0,0,1,1,0,0,0,0,0,0,0,2,0,1,1,0,0,1,0,0,0,0,0,0,1,0,0,0,0
184b,GAG,0,1,25,1,1,0,2,0,3,0,0,0,1,0,0,0,0,0,0,0,0,1,1,0,2,0,0,0,0,0,0,1,10,1,18839,1,0,0,0,0,0,0,1,1,0,0,0,2,0,0,4,0,0,0,0,0,0,0,0,0,1,0,0,0
184c,AAT,2,3,1,49947,0,0,0,0,0,0,0,1,2,2,1,0,0,1,0,1,0,1,0,0,3,0,0,1,0,0,0,1,0,0,0,0,0,0,0,0,0,0,0,0,0,0,0,0,0,0,0,0,0,0,0,0,0,0,0,0,1,0,0,0
184d,CAA,23,1,7,0,0,0,0,1,1,2,3,0,0,0,0,0,76698,6,21,10,0,0,2,0,23,0,4,2,1,2,0,0,1,0,0,0,1,0,1,1,0,0,0,3,0,0,1,0,6,0,0,4,5,0,1,1,0,0,2,0,2,0,0,0
184e,GGT,0,2,0,0,1,0,0,1,4,0,2,27,1,0,0,0,0,0,0,0,0,0,1,0,0,2,1,3,0,0,0,3,1,0,1,24,0,1,1,4,7,7,1,75752,0,1,0,9,0,0,0,0,0,0,0,1,0,1,0,31,0,1,1,1
184f,AAT,8,7,0,77391,5,6,0,2,1,2,0,4,0,1,2,1,1,1,1,4,1,0,0,2,0,1,0,1,2,1,0,1,0,1,1,1,0,1,0,1,0,0,0,2,0,1,1,3,1,1,0,0,3,4,0,0,0,2,1,3,0,0,0,0
184g,AGG,1,2,22,4,1,0,0,0,12,2,76479,12,2,0,10,0,2,0,0,0,2,1,1,1,1,0,4,0,1,0,0,1,0,1,0,1,2,1,0,0,0,0,43,3,0,2,0,0,0,2,1,0,1,2,1,0,0,1,3,0,0,0,0,0
184h,AGT,0,2,0,44,1,1,1,2,12,8,3,77300,4,2,0,6,0,0,1,1,0,0,0,0,1,0,1,3,0,1,1,1,0,1,0,3,0,1,0,1,0,1,0,13,2,0,2,2,1,0,0,0,0,3,0,0,0,1,0,2,0,0,0,1
185,AAT,11,4,7,78657,2,1,1,3,0,1,1,1,1,1,2,5,0,3,0,1,2,0,2,2,0,1,2,2,1,1,2,0,1,0,0,10,1,1,2,1,2,2,0,0,2,0,0,0,0,1,0,1,2,2,0,0,0,0,1,3,0,0,0,1
186,AAT,22,4,2,78581,1,1,4,1,0,0,2,6,2,1,0,5,0,0,1,1,0,1,0,0,1,1,3,0,0,1,0,0,0,0,1,19,2,1,0,1,0,1,0,2,0,2,0,0,0,0,0,1,0,2,0,0,0,0,0,0,0,3,3,0
187,AGT,0,0,2,45,2,0,1,2,6,8,2,78568,0,3,0,4,3,2,0,1,0,0,2,2,0,0,2,1,2,0,1,0,0,0,3,0,0,0,6,3,1,4,5,42,1,2,2,0,0,0,0,0,1,0,0,3,0,0,1,2,0,2,0,0
188,AAC,12,78559,0,12,0,3,0,0,1,3,3,0,1,2,1,1,2,6,1,4,1,3,0,0,1,1,2,0,0,2,0,2,0,4,0,0,0,0,0,0,0,1,2,1,3,1,0,3,0,0,0,2,3,2,1,0,0,1,1,2,2,0,1,2
189,AAG,21,5,78710,18,0,0,0,0,2,0,7,0,0,1,2,0,0,3,3,0,0,0,0,0,2,0,0,0,0,0,0,0,0,0,13,1,1,0,1,0,0,0,2,0,0,2,0,0,0,1,2,1,0,0,0,2,0,1,0,0,0,1,0,3
190,GAG,2,2,22,1,0,0,1,0,1,0,0,1,0,0,1,0,2,2,0,0,0,1,1,1,0,0,0,0,0,0,2,1,32,2,78745,9,1,1,0,0,1,0,1,0,0,0,2,0,0,0,0,1,1,0,0,0,0,0,3,1,0,0,0,0
191,TAT,0,0,1,0,0,0,2,0,0,0,0,1,0,0,1,0,1,0,0,1,0,0,0,0,0,0,0,1,0,0,0,2,0,0,0,0,0,0,0,0,0,0,0,0,0,0,0,0,0,5,0,79120,0,0,1,0,0,0,2,1,0,0,0,2
192,AGA,14,2,3,1,3,1,0,0,78997,0,4,1,7,0,0,0,1,1,0,0,0,0,0,0,2,0,1,0,0,0,0,1,1,0,0,0,3,2,1,0,11,0,0,0,0,0,0,0,0,1,0,0,2,0,0,1,1,0,0,0,0,0,0,0
193,TTA,0,0,0,0,0,1,0,0,0,0,0,0,4,0,1,0,1,1,0,0,0,0,0,0,0,0,0,0,5,0,0,0,0,0,0,0,0,0,0,0,0,0,0,1,0,0,0,0,3,0,0,0,0,0,0,0,0,1,0,0,79147,0,7,1
194,ATA,2,0,0,0,6,1,0,1,2,0,0,0,79215,0,4,3,2,0,0,2,0,0,0,0,0,1,0,0,3,0,0,0,1,2,0,1,1,0,0,0,0,0,2,0,3,0,4,0,0,0,0,1,0,2,0,1,1,1,3,0,1,0,0,0
195,AAT,4,5,2,79110,0,0,1,0,0,3,0,11,3,0,0,6,0,4,0,4,1,1,0,0,1,1,1,0,0,1,0,0,0,2,0,5,1,3,0,0,0,0,0,1,0,0,0,0,0,0,0,1,0,4,3,3,0,1,0,0,0,2,0,0
196,TGT,0,0,0,0,0,0,0,0,0,0,0,2,0,0,0,0,0,0,0,0,0,0,0,0,0,0,0,2,0,0,1,0,0,0,0,0,0,0,2,0,0,0,0,2,1,0,0,0,0,0,0,17,0,0,0,0,2,24,0,79251,0,0,0,2
197,AAT,2,4,0,79070,4,1,0,1,1,0,0,7,0,0,3,2,1,0,1,0,1,1,2,0,0,1,0,0,1,2,0,1,1,0,1,23,3,1,0,0,0,0,0,0,0,0,0,0,0,0,1,0,0,1,0,1,0,0,2,0,0,0,1,0
198,ACC,0,4,1,3,21,79198,1,8,0,1,0,2,0,11,2,0,2,1,0,0,0,0,1,0,0,0,0,0,0,0,0,1,1,2,0,6,0,7,1,1,0,0,0,0,0,1,1,1,0,0,0,0,1,5,0,1,0,0,0,1,1,2,1,1
199,TCA,2,0,0,0,0,1,0,0,0,0,0,1,0,0,2,0,0,1,0,2,20,0,0,0,0,0,0,0,0,0,0,0,0,0,0,0,1,0,0,0,0,0,0,1,0,1,1,0,2,0,0,0,79197,1,45,3,0,1,0,0,6,0,0,0
200,GCC,1,0,1,0,0,28,3,0,1,1,0,1,0,0,0,0,0,1,1,0,0,0,0,0,1,1,0,0,0,1,0,0,1,5,0,0,6,79139,1,4,0,2,0,1,0,40,0,1,0,0,0,0,2,3,2,0,0,1,0,0,2,1,0,0
201,ATT,0,0,0,0,0,0,0,9,0,0,0,5,1,20,0,79311,0,0,0,0,1,2,0,1,0,0,0,0,1,3,0,3,0,0,0,1,2,1,1,0,0,0,0,1,0,0,0,2,0,0,0,0,0,0,1,0,0,0,0,0,1,0,0,0
202,ACA,3,3,3,0,79121,2,7,0,0,0,0,0,19,1,1,1,0,0,0,0,0,1,0,0,1,4,0,0,0,0,0,0,0,0,0,0,7,0,0,0,0,0,0,0,1,2,0,0,0,0,0,0,3,0,0,0,0,2,0,2,0,0,0,0
203,CAG,1,1,0,1,0,2,0,0,0,2,0,4,0,0,0,0,24,2,79053,4,0,0,4,0,1,0,34,0,0,0,4,0,0,0,0,0,0,0,2,1,0,0,0,0,0,0,0,0,0,2,12,0,1,0,1,2,0,0,1,0,0,0,0,0
204,GCT,1,0,1,0,1,0,1,52,0,1,0,0,4,0,1,0,0,1,0,0,0,0,0,1,1,0,1,1,0,0,1,0,0,0,1,1,8,8,3,79089,0,0,0,0,0,1,1,13,0,0,0,0,2,1,2,2,0,2,0,4,1,0,2,1
205,TGT,0,0,0,0,0,0,0,0,0,1,0,3,0,0,0,0,0,0,0,0,0,0,0,0,0,0,0,8,0,0,0,0,0,0,0,0,0,0,0,0,0,1,0,0,0,0,0,0,2,0,0,18,1,0,0,2,0,38,0,79137,0,0,0,0
206,CCA,0,2,1,1,13,2,3,4,2,2,1,0,0,1,1,0,5,1,4,3,79246,8,8,7,0,1,1,0,13,1,0,2,1,4,2,3,0,3,0,0,0,0,1,0,0,0,1,0,0,0,0,0,9,0,0,1,0,3,0,0,1,0,2,0
207,AAG,19,0,79109,4,4,1,8,1,7,2,18,0,2,4,8,2,2,3,5,4,0,3,3,0,4,6,2,0,13,4,6,1,0,0,4,0,5,5,11,4,0,0,0,0,5,4,3,3,0,5,3,1,4,2,0,4,0,0,1,0,2,0,3,0
208,GTA,4,1,5,0,4,3,2,3,0,2,1,1,43,1,4,0,2,4,0,1,0,0,0,0,0,0,0,5,2,3,2,1,0,0,0,1,17,1,1,2,1,0,0,0,79176,2,10,4,0,0,1,2,3,2,1,1,0,1,0,0,32,0,0,2
209,TCC,2,2,0,5,0,4,4,1,1,0,0,2,0,0,1,1,2,0,0,0,1,4,1,0,0,0,1,0,1,2,1,0,0,1,0,1,0,0,0,0,3,2,2,0,1,0,0,1,0,6,1,0,25,79216,4,8,0,1,0,0,2,2,1,0
210,TTT,0,2,1,1,3,5,1,0,0,0,0,0,0,0,2,7,1,0,0,0,2,0,0,0,0,0,0,0,0,2,1,52,0,1,0,1,0,3,2,6,0,0,0,0,1,1,0,9,0,1,0,5,0,5,0,10,0,0,3,0,7,8,2,79211
211,GAG,5,0,6,1,1,2,4,1,0,0,0,0,0,0,1,2,1,2,1,1,0,0,1,0,0,1,6,1,3,1,0,0,42,0,79212,4,3,0,2,1,0,0,18,0,0,0,1,2,0,0,4,4,2,0,1,2,0,1,0,0,2,0,4,0
212,CCA,1,0,0,2,2,0,1,1,0,1,0,2,2,0,1,0,9,1,1,0,78773,4,3,2,1,0,0,0,10,0,0,0,0,0,0,0,2,3,4,1,0,0,1,1,0,1,2,0,0,5,0,0,130,0,0,2,0,0,0,0,1,0,0,0
213,ATT,3,2,0,4,2,1,0,4,0,0,1,4,5,8,0,79300,0,0,1,1,3,0,3,5,0,1,1,0,2,0,0,3,0,0,0,0,0,0,0,1,0,0,2,3,0,0,0,1,0,1,1,3,1,0,0,0,0,0,0,0,2,0,2,5
214,CCC,0,1,0,0,4,3,0,0,0,1,0,1,0,0,1,0,3,3,2,1,15,79249,1,15,5,2,1,0,2,5,1,1,2,4,1,3,1,5,2,1,0,2,0,2,2,1,0,0,2,0,0,0,1,11,1,1,0,0,0,0,1,0,0,0
215,ATA,1,0,0,0,7,1,0,1,0,0,0,0,79283,3,13,6,0,0,0,2,0,0,1,0,1,0,0,0,6,2,0,1,0,0,0,0,0,0,0,0,0,1,0,0,6,5,0,4,0,6,0,1,0,0,0,1,0,0,0,0,3,3,1,0
216,CAT,5,5,5,21,5,6,1,6,6,4,0,1,9,0,3,6,7,13,6,79128,0,0,0,0,2,4,2,2,2,5,3,8,0,0,1,1,4,1,0,0,0,1,0,1,2,1,1,6,1,2,1,19,4,3,0,0,0,0,0,3,0,3,0,1
217,TAT,0,0,0,1,0,0,0,0,0,0,0,0,0,3,1,3,0,1,2,5,0,0,0,0,0,0,0,0,4,4,0,5,0,0,0,1,0,0,0,2,0,0,0,0,2,1,1,2,2,7,2,79330,0,0,0,0,1,0,3,1,1,3,4,5
218,TGT,0,0,0,0,0,0,0,1,0,0,0,4,0,0,0,1,1,0,0,0,0,0,0,0,0,0,0,3,0,0,0,0,0,1,0,0,0,0,0,0,0,0,0,2,0,0,0,0,1,0,0,16,0,0,0,0,2,7,0,79330,1,1,0,4
219,GCC,0,1,0,0,4,85,5,3,0,2,0,1,0,3,0,1,0,2,0,0,1,10,0,3,0,0,0,0,0,0,0,0,0,1,0,0,6,79022,4,16,0,3,0,1,5,70,1,1,0,0,0,0,2,15,1,1,0,0,0,0,0,0,0,0
220,CCA,0,0,0,1,7,0,0,3,0,0,0,1,0,0,0,0,4,0,1,0,79355,5,10,1,0,0,0,0,9,1,0,0,0,0,0,0,1,0,0,2,0,0,0,0,1,0,0,0,0,0,0,0,2,0,0,0,0,1,0,0,0,1,0,1
221,GCT,1,0,0,5,4,0,1,80,8,4,2,2,1,0,0,1,0,7,0,9,7,3,2,15,1,4,3,2,2,2,0,4,1,2,1,6,9,31,3,78920,4,5,0,5,0,3,5,33,0,0,2,0,2,5,1,11,0,0,0,1,2,0,2,0
222,GGT,0,0,0,1,1,3,2,1,0,0,0,24,0,0,0,0,3,1,1,3,2,0,1,0,0,0,0,1,0,0,0,1,0,0,1,9,0,0,0,5,7,10,10,79313,1,0,0,4,0,1,0,1,2,6,4,2,0,0,0,2,0,0,1,0
223,TTT,1,1,0,0,0,0,3,4,1,0,0,1,3,0,0,1,0,0,0,1,0,0,0,0,0,0,0,0,2,0,0,10,1,0,0,0,0,0,0,2,0,0,0,0,3,2,4,4,1,2,0,3,0,0,1,11,0,0,11,4,5,37,4,149727
224,GCG,0,2,1,0,6,0,32,2,2,1,1,1,3,1,4,2,2,3,3,2,0,0,0,0,1,0,1,1,0,0,0,0,0,0,1,0,33,5,69677,13,5,2,9,1,11,1,231,3,0,1,0,1,2,1,13,0,0,0,0,0,0,0,1,0
225,ATC,0,1,0,0,0,5,0,0,0,0,1,1,5,70271,0,6,0,0,0,0,0,0,0,0,0,0,0,0,5,1,0,0,0,0,0,0,0,0,0,0,0,0,0,0,3,7,0,1,0,0,0,0,0,1,0,0,0,0,0,0,3,3,1,1
226,CTA,0,0,0,0,0,0,0,0,1,0,0,0,31,4,1,0,1,0,3,0,6,0,0,0,0,0,0,0,70201,3,15,1,0,0,0,0,0,1,0,0,0,1,0,0,0,0,2,2,1,0,0,0,0,0,0,0,0,0,0,0,20,1,3,1
227,AAG,17,2,70257,4,0,1,2,4,3,2,20,4,1,1,5,1,4,0,3,2,0,1,0,0,0,2,2,1,0,0,2,1,0,0,1,0,0,0,1,0,0,0,0,0,1,3,1,2,0,1,0,5,2,1,1,0,0,1,2,1,0,0,1,0
228,TGT,0,0,0,0,0,0,0,0,0,0,0,1,0,1,0,0,0,0,0,0,0,0,0,0,0,0,0,3,0,0,0,0,0,0,0,0,0,0,0,0,0,0,0,0,1,0,0,0,0,0,0,14,0,0,0,0,1,14,0,70222,0,0,0,4
229,AAG,37,2,70055,11,1,1,20,1,0,1,48,0,1,1,7,2,3,5,1,1,0,0,0,2,2,0,1,0,2,1,1,2,2,2,29,0,6,0,0,0,2,0,1,1,4,1,1,4,0,3,1,0,3,0,0,1,0,0,1,1,2,2,0,1
230,GAT,2,4,0,25,1,0,0,2,0,1,0,0,3,1,0,3,6,0,3,2,0,0,0,0,2,0,0,2,0,2,0,0,3,2,1,70131,1,2,0,3,2,3,1,4,2,1,2,2,0,3,0,7,0,3,4,3,1,1,2,0,0,2,0,0
231,AAG,10,0,70238,9,0,0,4,0,1,0,25,0,0,0,4,0,1,1,0,1,1,2,0,0,2,0,0,0,5,1,0,0,1,0,25,0,0,0,1,0,0,0,1,0,0,0,1,0,0,1,0,0,0,0,1,2,0,0,1,1,2,0,1,0
232,AAG,23,7,70204,10,0,3,0,6,1,3,2,0,4,1,1,0,3,0,2,1,1,0,1,2,1,2,0,0,4,0,1,4,1,1,6,0,2,1,1,0,0,0,1,0,0,2,0,1,0,0,0,0,2,3,2,0,0,0,4,1,2,0,1,1
233,TTC,0,0,0,0,0,0,0,0,0,0,0,0,0,0,0,0,0,0,0,2,0,1,1,0,0,0,0,0,0,4,0,0,0,0,0,0,0,0,0,0,0,0,0,0,0,0,0,0,0,1,0,3,0,3,0,0,0,0,1,0,6,70100,0,15
234,AAT,4,4,6,70181,0,1,1,6,1,0,1,22,1,3,2,7,1,2,1,2,2,2,2,0,1,0,0,1,2,0,0,0,2,1,2,25,1,0,0,1,0,0,0,0,0,0,0,1,0,1,0,1,1,1,0,2,0,0,0,0,2,0,0,0
235,GGA,0,0,0,0,1,1,0,0,12,0,0,0,0,0,0,0,0,0,0,0,0,0,0,0,1,0,0,0,0,0,0,0,13,0,0,0,0,0,0,0,70218,1,11,1,3,0,0,0,0,0,1,0,0,0,0,0,2,0,0,0,0,0,0,0
236,ACA,9,0,3,0,70062,6,95,4,4,1,1,0,31,0,4,0,1,0,0,2,2,0,0,0,2,3,0,0,0,3,0,0,1,1,0,0,7,0,2,3,0,2,0,1,1,0,0,0,0,1,0,0,0,1,0,0,0,0,0,0,0,1,2,0
237,GGG,0,0,0,0,0,0,0,0,0,0,8,0,0,0,0,0,0,0,0,0,0,0,0,0,0,0,0,0,0,0,0,0,0,0,15,0,0,1,1,0,81,4,69773,9,0,0,2,0,0,0,0,0,0,0,0,0,0,0,9,0,0,0,0,0
238,CCA,0,0,0,0,7,4,0,3,0,0,0,0,1,1,0,1,11,0,2,0,69959,2,17,3,4,0,2,0,15,1,0,1,0,0,1,0,1,2,3,3,0,2,1,0,5,1,0,2,0,0,0,4,64,0,5,0,0,1,2,0,1,0,1,0
239,TGC,0,0,0,0,0,0,0,0,0,1,0,0,0,0,0,0,1,0,0,0,0,0,0,0,0,6,0,0,0,0,0,0,0,0,0,0,0,0,0,0,0,1,2,0,0,0,0,0,1,24,0,0,0,0,0,0,2,69882,0,67,0,2,0,0
240,CCA,0,1,0,1,18,5,3,2,2,2,1,1,5,3,1,0,15,2,1,9,69940,6,7,2,7,3,0,4,5,6,3,8,3,2,0,0,3,4,4,9,1,2,0,1,1,2,1,0,2,4,0,1,12,0,3,2,0,3,1,0,3,1,2,6
241,AGT,3,1,5,24,3,0,1,0,6,6,2,69826,2,0,1,3,3,2,1,4,0,0,0,0,0,0,1,2,1,2,3,0,2,0,0,0,0,0,1,0,0,0,1,10,1,2,2,0,0,0,0,2,0,2,1,2,0,1,1,6,1,2,1,0
242,GTC,0,0,0,0,0,0,3,0,0,0,0,0,1,20,3,1,0,0,0,0,0,0,0,0,0,0,0,0,0,1,0,0,0,0,0,0,0,6,0,0,0,1,0,0,15,69638,5,27,0,0,0,0,0,0,0,0,0,2,0,0,0,6,0,1
243,AGC,0,58,0,2,1,8,2,2,1,69268,1,80,0,1,0,4,2,2,1,0,0,2,0,2,0,1,0,0,0,1,0,0,0,3,1,1,0,2,0,1,2,45,0,1,0,4,1,2,0,1,0,0,1,1,0,0,0,1,0,0,0,1,0,1
244,ACA,3,1,0,0,69740,4,26,3,5,2,0,0,20,2,2,0,2,0,2,0,2,0,0,0,0,0,0,0,1,0,0,1,1,0,1,0,3,1,0,6,0,0,0,0,2,3,1,0,0,0,0,1,1,3,0,4,0,0,0,1,1,1,0,0
245,GTA,0,0,0,2,0,1,0,1,0,0,1,0,34,0,1,1,0,0,1,0,0,0,0,0,0,0,1,1,2,1,1,0,1,0,0,1,14,1,0,0,0,0,0,0,69261,3,17,1,0,0,0,0,1,0,0,1,1,0,1,0,7,0,0,0
246,CAA,7,0,0,0,1,1,0,3,1,0,2,0,1,0,1,0,70118,1,17,3,1,0,0,0,9,0,1,5,4,3,0,1,2,0,1,0,0,1,0,3,3,2,0,0,0,0,0,0,12,0,0,0,1,0,1,1,1,0,0,0,1,0,2,1
247,TGC,0,0,0,0,0,0,0,0,0,3,0,0,0,0,0,0,0,0,0,0,0,0,0,0,0,2,0,0,0,0,2,0,1,0,0,0,0,0,0,0,0,2,0,0,0,1,0,0,0,66,1,0,0,2,0,0,2,69792,0,58,0,2,0,0
248,ACA,1,0,0,0,70215,3,10,7,0,0,0,2,18,0,0,1,0,1,0,0,1,0,0,0,0,0,0,0,0,0,0,0,1,0,0,1,1,1,0,1,0,0,2,0,0,1,0,0,0,0,0,0,2,0,1,1,0,0,0,0,0,0,0,0
249,CAT,0,0,0,5,1,0,3,2,0,2,0,1,0,1,0,0,5,17,2,69784,0,0,1,0,0,1,0,5,0,0,0,0,3,2,4,3,0,0,0,1,1,1,1,3,0,0,0,1,0,1,0,6,0,0,2,1,0,0,0,0,1,0,0,0
250,GGA,0,0,0,0,0,2,1,0,19,0,1,1,0,0,0,0,0,0,1,0,1,0,0,0,1,1,0,1,0,0,1,0,16,0,1,0,1,1,1,1,69868,4,6,7,2,0,0,0,3,0,0,2,2,0,1,1,10,0,0,0,1,1,0,1
251,ATC,0,1,0,0,0,3,0,0,0,0,0,0,9,69585,1,17,0,0,0,0,0,0,0,0,0,0,0,0,4,1,1,2,0,0,0,0,0,0,0,0,0,0,0,0,0,5,5,2,1,0,0,0,1,0,0,0,0,2,2,0,1,8,1,0
252,AAG,16,1,69655,5,2,0,1,2,1,2,13,3,0,1,6,1,1,1,0,0,4,1,2,2,4,3,2,0,4,1,1,1,1,0,26,1,3,0,1,1,2,0,3,2,0,2,0,0,0,1,1,1,0,0,1,2,0,0,1,0,1,3,1,3
253,CCA,0,0,0,1,9,2,0,2,0,0,0,1,1,0,1,0,2,2,1,1,69541,2,7,3,0,0,0,0,6,0,1,0,0,0,0,0,1,0,3,1,0,2,0,0,2,0,0,0,2,1,0,0,39,1,1,0,0,0,0,0,0,0,0,0
254,GTA,1,0,0,0,2,1,3,3,0,1,0,2,30,4,0,3,2,7,1,1,0,1,0,0,0,0,0,0,5,5,1,2,5,0,1,0,8,3,2,4,1,1,0,1,69570,4,22,0,0,1,0,0,3,4,0,6,0,0,0,1,11,3,3,2
255,GTA,0,0,0,0,2,1,1,0,0,0,1,0,33,1,0,4,2,1,0,1,3,4,1,2,0,0,0,1,4,0,0,0,1,0,0,0,13,1,1,0,1,0,1,0,69199,0,7,0,0,4,0,7,0,1,0,1,0,3,0,0,0,0,1,1
256,TCA,0,2,0,1,10,3,2,0,0,1,0,1,0,0,0,0,0,0,0,0,0,0,0,0,0,0,0,0,0,0,0,0,0,0,0,0,4,5,0,0,0,0,0,3,3,0,0,0,4,0,0,0,68675,2,8,1,1,0,0,2,9,0,0,0
257,ACT,0,0,0,2,5,14,2,69590,0,0,0,7,0,0,0,6,0,0,0,0,0,0,0,0,0,0,0,0,0,0,0,0,0,0,0,0,0,0,0,3,0,0,0,0,0,0,1,0,0,1,1,0,0,3,5,2,0,2,0,0,0,0,0,0
258,CAA,0,0,0,1,0,0,3,0,0,1,0,1,0,0,1,0,69111,2,5,5,0,0,0,0,7,0,0,0,2,0,0,0,0,0,0,0,0,0,1,0,2,0,0,2,0,0,0,0,4,0,0,0,1,0,0,1,0,0,0,0,0,0,0,0
259,CTG,0,0,0,0,0,0,0,0,0,0,0,0,2,0,8,0,0,0,1,0,0,1,1,1,0,0,0,0,46,4,66333,12,0,0,0,0,0,0,0,0,0,0,0,0,0,0,1,1,0,0,0,0,0,0,1,0,0,0,0,0,1,4,12,0
260,CTG,0,0,2,0,0,1,2,1,0,0,2,0,1,0,15,0,2,1,2,0,0,0,12,0,0,0,1,0,28,2,66375,4,0,0,0,0,0,1,0,0,0,0,0,0,6,2,3,1,0,0,0,0,0,0,0,0,0,0,0,0,1,2,29,5
261,TTA,0,0,0,0,0,0,0,0,0,0,0,0,3,3,1,2,0,1,0,1,0,0,0,0,0,0,0,0,10,0,0,3,0,0,0,0,0,0,0,0,0,0,0,0,2,1,0,2,0,0,0,0,3,0,0,0,0,0,0,0,63547,1,9,0
262,AAT,3,2,1,65346,0,0,0,0,0,0,0,0,0,0,0,6,0,0,0,1,0,0,0,0,0,0,0,0,0,0,0,0,0,0,0,3,0,0,0,0,0,0,0,0,0,0,0,0,0,0,0,1,0,0,0,0,0,0,0,0,0,0,0,0
263,GGC,0,0,0,0,2,0,1,1,0,4,0,2,0,0,2,0,0,0,0,0,0,0,0,0,0,0,0,0,0,0,0,1,0,71,0,0,0,0,0,0,4,60038,7,83,0,4,0,0,0,0,0,0,0,1,1,0,0,3,0,0,0,0,2,0
264,AGT,0,0,0,22,0,1,1,3,0,5,0,64506,0,0,0,6,0,2,0,0,0,0,1,0,1,0,0,2,1,1,0,0,0,0,2,0,1,0,0,1,0,0,1,9,1,0,0,0,0,0,0,0,1,0,0,0,0,0,0,0,1,0,0,0
265,CTA,0,2,0,0,3,0,0,0,0,0,0,0,11,0,3,2,1,3,0,1,2,2,0,0,0,0,0,0,65812,6,14,1,0,0,0,0,0,2,0,0,0,0,0,0,3,2,2,0,0,1,0,0,2,0,0,0,0,1,0,0,6,0,2,1
266,GCA,0,3,0,1,43,0,0,0,0,0,0,4,0,0,3,1,1,2,0,2,3,0,0,0,0,0,0,0,0,0,0,1,4,1,1,0,63465,1,25,6,0,0,2,0,50,0,2,1,0,0,0,0,4,2,0,0,0,0,0,0,2,0,0,2
267,GAA,23,1,0,0,0,1,1,0,0,0,0,0,1,0,0,0,2,0,0,0,0,2,0,1,0,0,2,0,0,0,1,2,63492,0,7,1,0,1,1,2,2,1,2,1,0,0,1,0,0,0,0,1,0,1,0,1,0,1,0,0,2,0,2,1
268,GAA,14,2,1,3,1,2,0,1,1,1,2,0,1,1,0,1,3,3,3,2,0,0,0,1,4,2,0,3,1,0,0,0,63975,3,12,2,0,2,0,1,5,0,0,1,3,2,0,4,2,1,1,1,1,2,0,1,0,0,0,1,2,0,0,0
269,GAG,4,1,14,5,0,1,0,2,1,1,1,1,0,0,1,1,2,1,0,0,0,0,0,0,0,0,0,0,0,1,0,0,21,1,56957,16,0,1,3,1,1,0,10,0,0,0,8,1,0,0,2,0,3,2,1,0,0,0,0,1,2,1,0,1
270,GTA,0,0,0,2,1,1,0,1,0,1,0,1,35,1,2,0,0,2,0,1,0,0,1,2,0,0,0,0,4,0,0,1,3,0,0,0,6,1,0,0,0,0,0,0,47637,1,10,2,0,0,0,0,0,0,0,0,0,0,0,0,0,0,2,1
271,ATG,1,2,13,1,1,0,2,0,2,1,0,0,14,4,54258,5,0,1,0,1,0,0,0,0,2,0,0,1,0,0,0,1,3,0,0,0,0,0,0,0,0,1,0,1,0,0,2,0,0,0,0,2,2,0,0,0,0,0,0,0,0,0,1,1
272,ATT,0,0,0,0,0,0,0,2,0,0,0,0,1,0,0,35293,0,0,0,0,2,0,0,0,0,0,0,0,2,0,0,1,0,0,0,0,0,0,0,0,0,0,0,0,0,0,1,4,0,0,0,0,0,0,0,0,0,0,0,0,2,0,2,2
273,AGA,13,2,5,1,3,2,1,0,51113,2,4,2,4,0,0,0,0,4,0,2,0,0,0,0,2,1,0,1,2,1,0,1,0,0,0,0,0,0,0,0,5,1,0,0,1,0,1,0,0,2,0,2,1,1,0,0,0,2,0,0,0,0,1,0
274,TCT,0,0,0,1,2,2,0,1,0,1,0,1,0,0,0,1,0,0,0,0,0,2,0,1,0,0,0,0,2,0,3,0,0,0,0,0,0,0,2,1,0,2,1,0,0,0,0,0,0,2,0,4,6,33,1,37218,0,0,0,1,0,1,0,4
275,GAA,22,3,0,0,0,0,0,0,0,0,0,0,0,0,0,1,2,0,1,0,2,2,0,1,0,0,0,0,0,0,0,1,50100,1,3,2,0,0,0,0,0,0,0,1,2,0,0,0,1,0,0,0,1,1,0,0,1,0,0,2,2,0,0,3
276,AAT,10,2,0,62524,0,0,0,0,1,2,1,0,1,0,1,5,0,0,1,0,0,0,0,0,0,0,0,0,0,0,1,0,1,1,0,3,1,0,0,0,0,0,0,1,0,0,0,0,0,0,0,1,0,1,0,0,0,0,1,0,0,0,0,0
277,ATC,0,1,0,3,1,7,0,2,1,2,0,0,14,67952,6,13,0,0,0,1,0,0,1,1,0,1,0,3,0,3,0,4,0,0,0,0,1,0,0,0,0,0,0,0,0,7,0,0,0,0,0,3,0,0,0,0,0,1,1,0,2,3,2,1
278,ACA,6,0,1,3,69085,0,4,2,1,2,0,1,13,1,0,0,1,3,0,0,0,0,0,0,0,0,2,0,0,1,0,0,1,2,0,0,14,1,0,0,0,1,0,0,0,0,0,0,0,2,0,0,5,1,1,2,1,0,1,0,1,1,0,2
279,AAC,114,67901,1,13,16,1,0,0,0,5,0,1,0,1,0,0,0,1,0,0,0,0,0,0,0,0,0,0,0,3,0,0,0,4,0,1,0,0,0,0,0,0,0,0,0,1,0,0,1,2,0,0,1,0,1,0,0,0,0,0,0,0,0,0
280,AAT,3,0,0,67903,0,0,2,1,0,1,0,4,1,0,15,3,104,0,0,0,0,2,0,0,0,0,0,0,0,0,0,0,0,1,0,4,1,1,0,1,0,0,0,0,0,0,0,1,0,0,0,4,0,0,0,0,0,0,0,0,0,0,0,0
281,GCC,0,0,0,0,0,87,0,0,0,0,0,1,0,0,0,0,0,2,0,0,13,0,0,0,0,1,0,0,0,1,0,0,1,9,0,0,7,61308,6,8,2,1,2,0,1,44,0,0,0,0,0,0,0,3,0,0,0,87,1,1,0,0,2,1
282,AAA,69406,0,3,2,0,0,0,0,2,0,0,0,2,0,0,0,110,1,0,0,0,0,0,0,2,0,2,0,2,0,0,0,2,0,1,0,0,0,0,0,0,1,0,0,0,1,0,0,0,1,0,3,0,1,0,0,0,0,0,0,1,0,0,0
283,AAC,6,68918,0,16,2,1,0,0,0,6,0,5,0,4,0,0,2,0,0,0,0,0,0,0,0,0,0,0,0,1,0,0,0,1,1,0,0,0,0,0,0,0,0,0,0,0,0,0,1,0,0,0,0,2,1,0,0,0,0,0,0,0,0,0
284,ATA,1,0,0,0,3,0,0,0,0,0,0,0,69496,1,16,1,0,0,0,1,0,0,0,0,0,0,0,0,1,0,2,1,0,0,0,0,0,0,0,0,0,0,0,0,0,0,1,0,1,2,0,0,0,0,0,0,0,0,0,1,4,1,3,3
285,CTA,0,0,0,0,0,0,0,0,0,0,0,0,15,3,3,4,3,2,0,3,4,1,0,0,0,0,0,0,69144,1,2,4,0,0,0,0,0,0,1,0,0,0,0,0,4,2,1,1,0,3,0,1,0,0,0,0,0,0,6,0,14,2,1,6
286,GTA,0,1,1,0,0,0,0,0,0,0,1,0,21,2,0,1,0,1,0,0,0,0,0,0,1,0,0,0,6,0,1,0,0,0,0,0,12,0,0,1,1,0,0,0,69534,2,20,3,0,0,0,0,0,0,0,1,0,0,2,0,6,0,0,0
287,CAA,5,1,4,2,2,4,0,5,2,0,0,1,0,0,0,2,68908,1,5,0,0,1,0,0,2,1,1,0,5,0,1,2,0,0,0,0,0,0,0,0,0,1,0,0,0,0,1,4,8,0,0,0,6,1,3,0,0,0,2,0,1,0,0,0
288,TTT,0,1,0,0,0,0,0,0,0,1,0,0,0,1,0,2,0,0,0,0,0,0,0,0,0,0,0,0,0,4,0,2,0,0,0,0,0,0,0,0,0,0,0,0,0,0,0,0,0,0,0,1,0,0,0,1,0,0,0,0,1,2,1,67814
289,AAC,10,69705,0,28,0,3,2,0,0,25,0,1,1,0,0,0,4,4,1,4,0,0,1,0,2,0,0,0,0,0,0,1,0,11,0,0,1,0,0,0,0,0,1,0,0,0,0,0,0,2,0,0,1,3,0,3,1,0,0,2,3,1,0,0
290,ACG,3,0,12,6,33,1,69770,7,0,0,0,0,0,0,26,2,3,0,1,1,1,0,0,0,0,0,0,0,3,0,0,0,0,1,0,0,0,1,19,1,0,2,0,1,0,1,1,0,0,2,0,0,0,0,1,0,0,0,0,0,0,1,0,0
291,CCT,0,0,0,0,0,0,0,1,0,0,0,0,0,0,0,0,0,0,0,9,10,46,4,69212,0,0,0,1,0,0,0,1,0,0,0,0,0,0,0,1,0,1,0,1,0,0,0,0,0,0,0,0,0,0,0,9,0,0,0,0,0,0,0,0
292,GTG,0,0,0,0,0,0,0,0,0,0,0,0,2,0,31,1,0,0,0,0,0,0,0,0,0,0,0,0,0,0,1,0,0,0,5,0,1,0,8,0,0,0,0,0,107,0,69781,5,0,0,0,0,0,0,0,0,0,0,0,1,0,0,7,0
293,CAA,3,1,0,1,0,1,0,1,0,2,5,0,0,1,3,2,69963,10,6,4,2,4,1,0,4,1,0,0,1,2,0,1,5,0,0,0,1,0,0,0,0,1,3,1,1,0,0,0,70,0,0,0,0,1,2,0,0,0,1,0,1,1,0,1
294,ATT,0,0,0,6,0,2,0,0,0,0,0,0,4,7,2,70147,0,0,0,0,0,0,1,0,0,0,0,0,0,2,1,2,0,0,0,0,0,0,1,0,0,0,0,0,0,1,0,6,0,1,0,0,0,0,0,0,0,0,0,0,1,1,0,0
295,AAT,16,11,5,70195,1,4,1,5,5,1,0,3,10,2,1,2,4,0,2,0,0,0,0,0,0,2,4,1,2,0,0,1,2,1,1,3,0,1,3,1,0,0,1,0,1,1,0,0,1,1,0,7,1,0,1,1,0,5,1,1,2,3,1,3
296,TGT,0,0,0,0,0,0,0,0,0,0,0,2,0,0,0,0,0,0,0,1,0,0,0,0,0,0,0,3,0,0,0,0,0,0,0,0,0,0,0,0,0,0,0,2,0,0,0,0,1,0,2,19,1,0,0,0,1,9,0,70246,1,0,0,0
297,ACC,0,4,0,1,8,70118,3,21,0,3,2,0,1,18,0,4,0,0,2,1,0,0,2,0,0,1,0,0,1,0,0,1,2,0,0,0,1,17,0,1,0,0,1,0,1,2,1,0,0,0,0,0,1,4,2,1,0,0,0,0,1,1,0,0
298,AGA,19,0,2,0,0,0,0,1,70190,0,6,2,4,0,0,0,0,0,0,0,0,0,0,0,2,1,3,2,0,0,0,0,0,0,0,0,0,0,0,0,22,0,0,0,0,0,0,0,0,0,0,0,0,0,0,0,3,0,0,0,0,0,0,0
299,CCT,0,0,0,0,0,0,0,3,1,0,0,0,0,0,0,0,0,2,1,10,3,29,2,69708,1,0,1,1,0,1,0,4,0,0,0,0,0,0,0,0,0,0,1,0,1,1,0,0,0,0,0,1,0,2,0,7,0,0,0,0,0,1,1,1
300,AAC,3,69928,0,16,3,4,1,2,0,4,0,0,0,1,3,0,0,3,1,0,0,1,0,0,0,0,0,0,0,0,0,0,0,0,1,1,0,0,1,0,2,0,0,0,0,0,1,0,0,1,0,0,0,6,3,4,0,1,0,0,1,0,0,2
301,AAC,10,69920,2,17,0,0,0,1,0,8,0,0,0,1,0,0,1,1,0,0,0,0,0,0,0,0,0,0,0,0,1,1,0,1,0,0,3,0,0,0,0,1,1,0,1,0,0,0,0,0,0,1,1,0,0,0,0,0,2,0,0,1,0,0
302,AAT,3,4,0,69831,6,1,1,1,1,3,2,4,0,0,0,0,1,4,1,1,0,0,0,0,4,1,4,2,1,0,0,2,0,0,0,5,3,5,1,3,1,0,0,1,0,1,0,0,0,0,0,7,1,4,1,2,0,1,5,5,0,4,0,1
303,ACA,8,0,0,4,70139,3,15,2,1,1,0,4,15,0,0,0,0,1,1,0,0,0,0,0,0,1,2,0,2,1,0,0,0,0,0,0,7,0,0,1,2,0,1,0,0,1,0,1,0,0,0,1,2,1,1,0,0,0,0,0,0,1,0,1
304,AGG,5,1,34,3,1,6,1,1,15,0,69952,0,5,5,10,10,2,2,1,0,0,0,0,0,5,3,5,2,2,4,1,1,1,0,0,2,0,2,1,1,0,0,24,1,5,1,1,1,0,1,0,2,0,1,5,1,0,1,5,4,1,0,0,0
305,AAA,70162,0,13,2,0,0,0,0,8,0,2,2,0,0,1,5,1,1,0,1,0,0,0,0,0,5,0,1,1,2,0,0,2,0,0,1,0,0,0,0,0,0,0,0,1,0,0,1,0,0,0,0,0,0,0,0,0,0,0,0,1,1,2,0
306,AGT,0,4,2,28,2,1,2,2,5,5,4,70103,2,0,1,12,1,2,1,6,3,4,1,2,2,0,2,8,2,2,1,2,1,0,3,0,1,3,1,1,0,0,0,19,2,3,1,1,0,1,1,1,3,2,4,0,0,1,2,6,4,1,3,0
307,ATA,7,0,0,0,3,2,1,0,0,0,0,0,70307,3,11,8,0,1,0,1,0,0,2,0,0,0,1,0,0,0,0,3,0,0,0,0,0,0,0,0,0,0,0,0,4,0,1,3,0,6,0,5,0,0,0,0,0,0,2,0,0,2,2,0
308,CGT,0,3,2,3,3,6,2,6,1,3,0,14,2,2,2,4,1,2,0,27,3,1,6,4,3,7,3,70057,4,0,1,8,1,1,0,0,3,0,2,1,0,1,0,1,0,0,3,1,0,3,0,2,0,3,0,1,0,0,1,55,0,1,3,1
309,ATA,5,1,0,0,4,1,0,0,0,0,1,0,70118,5,43,6,0,2,2,1,0,0,0,0,0,0,0,0,0,2,0,1,0,0,0,0,0,0,0,1,0,0,0,0,2,0,0,0,0,0,0,0,0,0,0,0,0,0,0,0,0,2,0,3
312,GGA,0,1,0,0,0,0,0,0,12,0,0,1,0,1,0,0,1,0,0,0,0,2,1,0,2,1,0,0,0,0,0,0,6,0,1,0,4,6,1,0,70304,0,3,3,6,0,1,0,0,0,0,0,1,0,2,0,16,0,1,0,0,0,0,0
313,CCA,1,0,0,2,4,0,0,0,0,1,0,0,0,0,0,0,11,0,0,1,70174,7,53,7,2,0,1,1,4,0,0,0,0,0,0,0,1,0,1,0,0,1,0,0,0,0,0,0,0,1,0,1,6,1,0,1,0,0,0,0,1,0,2,2
314,GGA,0,0,0,0,0,0,0,0,16,0,0,0,0,0,0,1,0,0,0,0,0,0,0,0,0,1,0,0,0,0,0,0,8,0,0,0,1,0,0,0,70214,5,6,0,1,0,0,0,0,0,0,0,0,0,0,0,2,0,0,0,0,0,0,0
315,CAA,14,0,0,0,0,0,3,0,1,0,0,0,0,2,1,1,70320,3,18,1,0,0,0,0,4,1,0,0,1,0,0,0,3,0,2,1,0,0,1,0,1,0,0,0,0,2,0,0,9,0,0,0,1,0,1,0,0,0,0,0,2,0,1,1
316,GCA,5,4,0,3,66,2,4,2,2,4,1,5,1,0,1,1,2,6,2,2,7,3,0,0,1,2,0,0,2,2,0,2,18,5,2,1,69943,7,2,3,0,1,0,0,30,2,1,0,0,0,1,1,6,9,1,3,0,3,1,1,1,3,1,5
317,TTC,1,0,0,0,0,0,0,1,0,0,0,0,0,4,0,2,0,0,0,0,0,1,0,0,0,0,0,0,2,3,0,0,0,0,0,0,0,0,0,0,0,0,0,1,0,0,1,0,1,3,0,3,0,5,0,0,0,0,0,0,3,70344,1,13
318,TAT,0,0,1,2,0,2,0,1,2,0,1,0,12,2,2,1,2,1,1,20,0,0,1,0,1,0,0,1,2,4,1,4,2,0,1,3,0,0,1,1,0,0,0,0,4,0,1,1,2,7,1,70244,0,2,0,0,0,2,1,11,7,2,0,3
319,GCA,2,0,0,3,51,0,0,0,0,0,0,0,0,0,0,1,0,1,0,1,0,0,1,0,0,0,0,0,0,1,0,1,2,0,0,0,70172,2,9,3,2,1,3,1,48,0,0,0,0,0,0,2,3,1,1,1,0,0,0,1,0,2,0,2
320,ACA,10,4,1,2,70211,7,57,6,2,4,0,0,27,0,0,1,0,6,2,4,2,0,0,0,1,0,1,2,3,1,0,0,0,0,0,0,6,1,0,0,1,0,0,1,1,5,0,1,1,1,0,1,3,2,0,1,0,3,1,0,1,4,0,4
321,GGG,1,1,0,0,1,1,0,1,0,0,15,3,2,2,0,0,1,3,1,0,0,0,0,0,0,2,0,0,0,4,1,3,0,1,13,0,1,1,0,1,30,1,70267,8,4,1,6,4,1,0,0,0,3,1,0,0,0,2,9,0,5,0,0,0
322,GAC,1,47,2,1,4,0,2,2,1,2,1,5,1,4,1,2,2,3,1,1,1,3,0,3,0,0,0,3,0,1,1,2,18,99794,3,35,3,4,5,4,2,26,1,3,2,1,0,1,0,6,0,0,3,4,3,4,0,0,2,0,0,0,0,0
322a,ATA,3,0,0,2,16,1,1,0,0,0,0,0,99909,1,10,7,0,0,0,0,10,3,5,2,0,0,0,2,2,0,3,0,1,1,0,0,0,0,0,0,3,0,1,0,6,3,1,5,2,0,0,2,1,0,0,0,0,0,1,1,1,1,3,0
323,ATA,20,3,5,0,6,2,0,5,6,3,2,4,99647,5,41,8,4,1,3,5,3,3,0,5,5,5,4,3,2,10,1,2,1,3,2,1,3,1,0,5,5,2,3,2,7,6,5,1,0,2,0,3,3,11,1,4,0,1,2,0,12,0,2,4
324,GGG,0,0,4,0,1,2,0,0,0,2,47,0,0,2,0,0,2,0,5,0,0,0,0,0,0,1,1,1,0,0,0,0,0,2,15,0,0,0,0,1,37,9,99788,18,0,0,3,0,0,0,0,1,0,1,0,0,0,0,22,0,0,0,0,0
325,GAT,3,7,0,45,7,5,2,2,2,4,5,1,6,3,0,7,7,7,4,3,8,4,0,1,4,4,2,1,5,3,4,6,15,9,12,99470,6,2,1,4,3,5,3,4,8,3,7,1,0,0,0,16,2,5,2,3,2,1,5,0,5,3,0,8
326,ATA,7,3,4,1,11,3,2,0,0,2,0,3,99934,7,38,3,1,2,6,1,0,0,0,0,0,0,2,0,3,3,6,7,0,0,0,0,1,3,4,2,3,1,5,0,11,3,1,6,3,1,0,1,0,2,0,0,0,2,1,0,7,1,11,2
327,AGA,10,1,4,0,0,2,2,2,99889,3,9,5,2,2,1,1,0,0,0,0,0,0,0,0,6,6,2,1,2,4,0,1,1,0,0,0,0,0,1,1,16,1,3,2,3,0,0,3,0,0,0,2,4,1,2,0,2,0,0,0,0,0,0,0
328,CAA,38,1,0,0,4,8,1,0,0,2,2,6,2,3,1,1,99916,1,36,5,3,0,0,1,8,3,7,4,2,2,0,4,4,0,0,0,0,1,3,0,1,1,2,0,3,1,1,0,6,0,0,0,6,2,2,1,0,1,2,0,1,2,1,4
329,GCA,0,0,0,0,74,3,6,3,0,3,0,1,0,1,0,2,0,0,0,0,10,9,4,4,0,0,0,2,0,2,0,0,2,0,0,0,99431,4,8,3,1,0,0,0,68,3,2,1,0,0,0,0,9,1,1,2,0,0,0,1,1,1,0,0
330,CAT,0,4,0,22,5,1,0,1,1,5,0,5,0,1,2,2,13,9,2,99544,0,0,0,0,1,1,2,2,1,0,0,0,0,1,0,0,1,1,4,1,0,0,0,0,0,0,0,0,2,4,0,26,3,1,1,3,0,0,1,0,0,2,0,1
331,TGT,0,0,0,0,0,0,0,1,0,0,0,1,0,0,0,0,0,0,0,0,0,0,0,0,0,0,0,13,0,0,0,0,1,0,0,0,0,0,0,0,0,0,1,1,0,1,0,0,0,0,0,19,1,0,0,0,1,13,1,99548,1,0,0,3
332,AAT,7,4,1,99515,1,2,1,2,2,0,2,5,1,3,0,3,1,3,0,0,0,0,0,0,0,1,0,0,2,0,0,0,5,0,0,7,0,0,0,0,0,0,0,0,1,2,0,0,0,0,0,2,0,1,0,0,1,0,0,1,1,0,0,3
333,GTC,0,0,0,0,0,0,0,0,0,0,0,0,0,32,0,2,0,0,0,0,0,0,0,0,0,0,0,0,1,1,0,1,1,2,0,0,2,17,0,0,0,0,0,0,8,99387,3,23,1,0,0,0,0,0,0,0,2,0,0,0,0,2,3,0
334,AGT,4,2,2,33,1,1,0,3,8,9,2,99717,0,1,5,7,1,1,0,0,1,1,1,3,0,1,2,6,0,1,3,1,2,0,0,0,2,0,1,1,2,0,2,31,0,0,0,0,0,1,0,0,4,1,2,0,0,0,1,6,2,2,0,3
335,AAA,99460,3,5,5,2,1,1,0,3,1,8,1,4,0,4,2,1,2,0,2,1,1,0,0,4,3,2,1,0,6,1,3,1,0,0,0,1,0,0,1,0,0,2,1,0,4,0,4,0,0,0,1,1,2,2,0,0,4,0,0,1,0,0,1
336,GCA,1,0,0,2,62,1,2,2,1,1,1,1,2,0,2,0,4,4,0,2,3,1,0,1,0,1,2,2,2,1,0,1,12,0,0,0,99084,4,11,6,3,0,1,0,44,4,1,1,0,2,0,0,7,3,1,1,0,0,9,2,2,0,1,0
337,ACA,22,8,3,1,99055,11,17,5,3,0,1,1,16,0,1,0,1,1,2,2,4,2,0,1,2,0,1,1,2,0,3,1,1,0,3,4,11,1,0,1,1,5,3,0,3,2,0,0,0,0,0,0,3,0,3,0,0,2,1,1,2,0,0,6
338,TGG,0,0,0,0,0,0,0,0,0,2,1,0,0,0,0,0,0,0,0,0,0,0,0,0,0,0,7,0,0,0,0,0,0,0,0,1,0,0,0,0,0,0,2,0,0,0,0,0,0,0,9,0,0,0,0,0,11,2,98108,4,0,0,3,0
339,AAT,2,9,6,98588,3,0,1,1,1,1,0,14,0,1,2,5,1,0,0,2,0,0,0,0,1,2,0,1,3,2,1,0,1,3,3,5,0,3,1,4,0,1,4,0,0,0,0,0,0,1,0,4,1,2,0,1,0,0,1,1,1,3,2,2
340,GAA,26,2,0,4,6,0,0,0,3,0,1,1,4,0,1,5,4,3,1,6,2,1,0,2,3,2,0,1,1,1,3,4,98831,2,9,9,4,0,2,2,12,0,3,0,3,0,2,4,1,2,1,4,1,0,4,4,0,1,7,0,8,0,8,2
341,ACT,7,4,4,12,7,15,1,97864,0,1,3,12,4,2,1,22,3,1,1,1,0,0,0,0,2,2,1,0,4,4,1,3,8,0,2,0,4,5,1,13,0,2,0,6,0,4,1,1,0,0,0,0,2,1,7,6,0,1,0,0,1,0,3,2
342,TTG,0,0,1,0,0,0,0,0,0,0,0,0,1,2,11,1,0,0,0,0,0,0,0,0,0,0,0,0,4,2,14,0,0,0,0,0,0,0,0,0,0,0,0,0,0,0,3,0,0,0,0,0,0,0,10,0,0,0,2,0,30,1,97314,2
343,GGA,2,2,2,2,0,1,0,6,19,1,1,1,1,0,6,0,3,4,0,0,0,0,0,0,1,0,4,0,0,2,3,0,26,1,0,1,2,0,0,1,96888,3,10,2,7,0,0,1,0,0,0,1,0,3,2,0,6,0,0,1,0,1,1,2
344,AAG,23,4,99007,13,0,1,2,0,2,0,19,4,7,2,1,0,0,3,1,0,0,0,0,0,1,0,1,3,0,1,1,7,1,1,7,0,1,1,0,2,0,1,1,0,4,2,0,2,1,0,2,1,0,0,3,1,0,0,0,0,1,0,2,1
345,GTG,0,0,0,0,0,0,1,3,0,0,0,0,0,3,27,0,1,0,0,0,0,0,0,0,0,0,0,0,0,0,2,1,0,0,3,0,0,1,2,0,0,0,0,0,28,5,98326,10,0,0,0,0,0,0,0,0,0,0,0,0,2,0,9,0
346,GTC,0,0,0,0,0,1,0,0,0,2,0,0,0,30,0,0,0,0,0,0,0,0,0,0,1,0,0,0,2,1,0,0,0,7,0,0,1,35,7,3,0,0,0,1,10,98806,6,19,0,0,0,0,1,1,1,2,0,1,0,0,0,2,0,0
347,AAA,99462,0,19,3,4,7,2,0,13,0,5,5,1,3,2,2,7,2,2,2,0,0,0,0,4,2,5,1,3,0,0,1,9,1,1,2,3,0,2,1,0,3,5,5,6,2,0,2,3,3,0,0,3,0,0,0,0,0,3,2,0,0,4,3
348,CAA,16,1,0,1,3,8,1,1,0,1,3,1,1,5,1,0,99465,4,6,4,0,0,0,1,4,5,4,1,1,4,0,0,1,0,2,0,0,0,2,3,3,2,2,2,1,2,0,1,11,0,0,0,2,1,1,3,2,2,0,0,0,0,0,1
349,TTA,0,0,0,0,0,0,0,0,0,0,0,1,4,1,1,0,0,0,0,0,0,0,0,0,0,0,0,0,8,2,1,1,0,0,0,0,0,1,0,1,0,0,0,0,2,1,0,0,0,0,0,0,5,0,0,0,0,0,0,0,98896,0,22,4
350,AGA,18,1,0,1,5,0,1,2,99096,4,1,0,8,5,1,1,2,2,0,0,0,0,0,0,3,3,2,4,1,2,0,0,0,0,3,0,1,0,1,4,2,2,1,2,2,0,0,0,0,3,1,6,1,3,0,1,1,2,6,0,2,0,2,2
351,AAA,99618,4,15,3,4,4,0,2,8,2,3,1,3,1,7,1,0,3,2,1,0,1,0,2,2,2,0,1,4,3,3,0,5,0,0,1,3,0,6,1,4,2,3,4,0,3,0,1,3,1,1,2,2,2,2,2,0,0,2,0,1,0,4,0
352,CAC,1,5,3,0,4,2,1,1,1,2,3,1,0,2,0,0,6,97677,5,15,0,1,0,2,0,6,5,1,1,0,2,0,3,5,2,0,2,2,2,2,1,1,0,0,2,0,1,0,1,21,0,3,2,0,1,1,0,1,1,0,4,3,0,0
353,TTT,0,0,0,0,0,0,0,0,0,0,0,0,0,0,0,3,0,0,0,0,0,0,0,0,0,0,0,0,0,0,0,9,0,0,0,0,0,0,0,0,0,0,0,0,0,0,1,1,0,0,0,4,2,0,0,4,0,0,6,0,13,5,3,95776
354,GGG,0,0,1,4,1,0,1,8,0,1,25,0,2,0,0,3,0,0,1,0,1,1,1,1,0,3,7,4,1,1,0,1,2,1,16,2,1,5,5,3,25,1,92792,5,0,3,9,0,0,0,0,1,0,0,2,0,0,0,10,0,0,1,1,1
355,AAC,19,98081,1,50,1,0,0,1,0,15,0,2,1,0,0,3,2,1,0,0,6,2,1,0,1,1,1,0,2,0,0,0,0,10,0,0,0,3,0,0,0,0,2,1,0,0,2,3,0,4,0,1,0,1,0,1,0,0,2,0,1,2,1,0
356,AAC,13,97265,1,29,3,3,0,0,0,17,0,1,0,0,1,2,1,1,3,2,1,0,2,1,0,0,2,0,0,1,0,2,0,10,0,2,0,1,0,1,2,1,0,2,1,0,1,0,2,2,0,1,2,1,0,0,0,0,0,1,0,0,3,0
357,ACA,16,2,1,1,97070,1,8,3,4,0,0,0,20,1,0,2,0,0,0,0,1,0,0,0,1,0,0,2,0,2,0,0,0,0,0,0,17,0,0,0,0,1,1,0,1,0,1,4,0,2,0,2,1,0,2,1,0,1,0,1,0,0,0,0
358,ATA,8,4,1,3,18,1,5,0,0,1,0,5,96998,1,12,2,0,0,2,1,0,1,0,0,0,1,0,2,0,3,2,1,1,2,2,0,2,4,1,1,0,0,1,3,5,4,1,2,1,0,0,0,2,0,5,3,0,0,0,0,3,1,2,1
359,ATA,2,0,0,0,5,0,0,0,0,0,0,0,97629,9,28,1,0,0,0,0,0,0,0,0,0,0,0,0,1,2,0,1,0,0,0,0,1,0,0,0,0,0,0,0,7,1,4,0,0,1,0,0,0,0,0,0,0,0,0,0,2,0,2,5
360,AGA,15,0,1,0,2,1,1,1,94682,1,9,2,7,3,1,3,3,2,1,4,0,0,0,2,2,4,2,0,0,2,0,3,0,0,2,0,2,3,1,0,6,0,0,1,2,2,1,4,0,2,0,1,0,4,0,1,2,0,0,2,2,0,1,0
361,TTT,0,0,0,0,0,3,0,0,0,0,0,0,0,1,2,1,0,0,0,0,1,0,0,0,0,0,0,0,2,2,5,7,0,0,0,0,0,0,0,0,0,0,0,0,0,1,0,2,1,0,0,0,0,0,0,3,2,0,1,0,8,7,1,88435
362,GCT,7,7,1,3,2,4,2,91,3,2,3,1,0,4,1,1,0,1,0,0,0,0,0,2,2,2,1,2,3,3,2,0,2,2,2,21,1,14,2,84363,1,0,3,5,5,1,2,73,0,0,0,1,1,0,0,12,0,0,1,0,4,0,4,0
363,AAT,9,12,8,93851,2,1,5,1,0,0,2,3,2,0,0,3,4,1,3,4,1,1,3,0,1,4,1,0,0,0,3,0,1,0,1,6,0,1,0,0,1,0,3,4,2,1,2,0,0,1,0,1,1,2,0,1,0,0,1,0,1,4,4,0
364,TCC,0,3,0,3,1,1,0,1,0,0,0,0,0,0,0,0,1,2,2,0,1,5,1,1,0,0,0,0,0,0,0,0,0,0,0,0,1,5,1,0,0,0,0,0,2,0,1,0,0,3,0,0,15,73738,4,7,0,0,0,0,0,4,0,0
365,TCA,0,0,0,0,14,0,4,3,0,0,0,3,0,0,0,0,1,0,0,0,31,1,0,0,0,0,0,0,0,0,0,0,0,0,0,0,4,3,0,3,1,1,0,2,1,3,0,0,6,0,0,0,80047,2,55,5,0,1,0,2,8,0,0,1
366,GGA,1,0,0,0,0,0,0,0,13,0,0,0,0,0,0,0,0,0,0,0,1,0,0,0,0,0,0,0,0,0,0,0,6,0,0,0,0,0,0,1,71305,2,7,2,2,1,0,0,0,0,0,0,0,0,0,0,3,0,0,0,0,0,0,0
367,GGG,0,0,0,0,0,0,0,0,0,0,50,0,0,0,0,0,0,0,0,0,0,0,0,0,0,1,1,0,0,0,0,0,0,0,7,0,0,0,1,0,47,2,73517,14,0,0,3,0,0,0,0,0,1,0,0,0,0,0,3,0,0,0,0,0
368,GAT,0,0,0,18,0,0,0,0,0,0,0,0,0,0,1,0,0,0,0,0,0,0,0,0,0,0,0,0,0,0,0,0,1,6,0,97151,0,0,0,0,0,0,0,3,0,0,0,0,0,0,0,1,0,0,0,0,0,0,0,0,0,0,0,0
369,CTA,2,2,1,1,2,1,3,2,1,2,0,0,26,8,2,4,1,2,2,2,33,1,2,0,6,4,0,2,97522,3,24,2,1,0,0,0,5,0,1,1,0,3,0,1,4,2,5,1,0,4,0,3,3,4,1,0,0,0,2,0,17,1,1,2
370,GAA,8,0,0,0,0,0,0,0,0,0,0,0,1,0,1,0,0,0,0,0,0,0,0,0,0,0,0,0,0,0,0,0,98903,0,5,1,0,1,0,0,1,0,0,0,1,0,0,0,2,2,1,0,0,0,0,0,0,0,0,0,0,0,0,0
371,GTC,2,1,0,0,0,0,0,0,0,0,0,0,2,26,0,0,0,3,2,1,1,3,0,2,0,0,2,0,3,8,0,1,0,6,0,0,0,6,0,2,0,0,0,0,11,97782,0,21,0,0,0,0,0,0,0,0,0,0,0,0,0,2,0,0
372,ACA,12,1,2,1,99232,5,22,6,3,6,0,5,38,5,5,6,4,0,1,0,0,0,0,0,3,1,0,0,0,4,3,1,0,0,2,1,9,0,1,0,0,3,0,2,6,7,5,2,1,0,0,1,3,2,2,1,0,0,0,3,0,0,2,1
373,ACA,10,0,1,0,99015,2,7,5,3,2,3,4,11,0,0,0,4,9,1,2,0,0,0,0,3,2,3,3,5,0,10,0,2,0,1,2,4,2,3,1,4,3,1,2,0,0,4,4,1,1,0,0,7,1,7,7,0,1,3,2,4,6,2,6
374,CAT,0,3,0,9,2,3,2,2,0,1,0,0,0,0,0,0,5,10,1,98275,0,0,0,0,0,0,0,6,3,1,3,5,0,0,0,0,2,3,4,1,2,0,1,7,0,0,0,0,0,3,0,12,3,3,2,1,0,1,2,1,1,5,3,3
375,AGT,3,0,0,14,2,0,2,1,1,5,0,98408,1,0,3,17,2,0,0,1,0,0,0,0,0,0,1,2,1,0,1,0,0,0,0,0,4,2,1,0,0,0,0,11,0,1,1,1,0,0,2,0,0,2,0,3,0,0,0,0,0,0,0,0
376,TTT,0,0,0,0,0,1,0,0,0,0,1,0,0,0,0,1,0,0,0,1,0,0,0,0,0,0,0,0,0,0,0,2,0,0,0,0,0,0,0,0,0,0,0,0,0,3,0,1,0,0,0,1,0,0,0,4,0,0,0,1,9,10,0,97691
377,AAT,4,4,0,96973,0,0,0,0,0,0,2,5,1,0,1,3,0,1,2,1,2,1,1,1,0,0,0,1,0,0,0,1,1,0,0,19,0,3,0,0,0,0,1,0,0,1,1,0,0,0,0,3,1,1,1,1,0,0,0,0,0,0,0,0
378,TGT,0,0,2,0,0,0,0,0,0,0,0,8,0,1,0,0,0,0,0,1,0,0,0,0,0,0,0,5,1,0,0,0,0,0,0,0,1,0,0,0,0,0,0,0,0,0,0,0,0,0,0,33,0,0,0,1,1,7,2,98414,0,0,0,4
379,GGA,1,0,1,3,0,0,0,0,27,1,2,0,0,0,0,0,3,0,1,1,0,0,0,0,0,1,0,0,3,0,1,1,10,0,0,2,0,3,1,2,98255,1,20,8,3,0,0,0,1,0,0,0,0,0,0,1,2,2,0,0,0,0,1,0
380,GGA,1,6,1,2,1,1,1,2,35,0,1,0,1,0,2,0,2,0,2,1,0,0,0,0,3,0,0,0,0,0,1,0,10,2,1,0,3,0,0,1,98535,1,8,9,1,0,0,0,0,0,0,0,0,0,1,0,2,0,1,0,0,0,0,0
381,GAA,12,0,0,1,1,1,0,7,0,0,0,0,1,4,0,2,2,0,3,0,0,0,0,0,0,0,0,0,4,1,0,2,98660,1,1,2,1,2,0,1,4,1,3,5,1,0,2,2,0,1,0,0,1,0,1,0,0,0,3,0,3,0,1,0
382,TTT,0,0,0,0,0,1,0,0,1,0,0,0,0,0,0,11,0,2,1,1,0,0,0,0,0,0,0,0,0,0,0,2,0,0,0,0,0,0,0,1,0,0,0,0,0,0,0,0,0,8,0,9,1,0,0,3,1,0,7,1,1,8,2,98659
383,TTC,0,0,0,0,0,0,0,0,0,1,0,0,0,3,3,0,1,0,0,0,0,0,0,0,0,0,0,0,1,12,0,6,0,0,0,0,0,0,0,0,0,0,0,0,5,2,0,0,0,3,0,3,0,8,0,0,0,1,0,0,6,99774,4,30
384,TAT,2,9,0,10,1,1,1,3,0,1,0,2,2,2,2,1,3,4,2,19,0,1,0,1,0,1,1,0,4,1,6,11,1,0,0,3,0,1,1,5,0,0,0,0,9,5,2,1,2,20,0,99449,2,4,0,5,0,3,0,10,8,5,9,11
385,TGT,0,1,0,0,0,0,0,0,0,0,2,3,0,1,0,0,0,1,0,0,0,0,0,0,0,0,0,4,0,0,0,0,0,0,0,0,0,1,0,0,0,0,0,0,2,0,0,0,1,0,0,18,0,0,0,3,2,30,0,99477,0,0,0,2
386,AAC,11,99793,1,27,0,4,1,1,0,11,0,1,0,1,1,0,5,2,0,0,0,0,0,0,0,2,0,0,0,1,0,1,0,28,1,0,0,3,0,0,5,0,0,2,3,0,2,1,0,2,1,1,1,3,7,0,0,3,1,0,0,1,0,2
387,ACA,9,0,0,0,99709,3,10,0,2,0,0,1,11,0,1,0,0,0,1,0,0,0,0,0,0,0,0,0,0,1,1,0,0,0,0,0,6,0,0,0,0,0,0,0,0,0,0,1,0,0,0,0,2,0,0,1,0,0,0,0,0,0,0,0
388,TCA,0,2,3,1,3,0,2,1,0,2,0,2,0,1,1,0,2,3,0,5,9,0,0,0,0,1,0,0,4,0,1,0,0,0,1,0,3,0,1,2,0,0,0,3,0,1,0,0,3,1,0,0,99226,11,110,1,3,0,0,0,35,3,0,3
389,GGC,0,3,0,0,0,0,0,0,0,25,1,0,1,2,0,0,0,0,0,0,0,1,0,2,0,1,5,0,0,0,0,1,2,54,1,2,1,1,0,0,9,99346,1,67,0,3,1,0,0,0,0,1,0,1,0,0,0,5,1,0,1,3,0,0
390,CTG,0,0,0,0,1,1,0,0,0,0,0,0,1,0,29,0,0,0,2,0,0,0,13,0,0,0,8,0,61,15,98791,11,0,0,0,0,0,0,0,0,0,0,0,0,1,0,2,0,0,0,0,0,0,0,0,0,0,0,0,0,6,0,6,0
391,TTC,0,0,0,0,0,0,0,0,0,0,0,0,0,0,0,0,1,0,0,1,0,0,0,0,0,0,0,0,0,15,0,0,0,0,0,0,0,2,0,0,0,0,0,0,0,0,0,0,0,3,0,0,0,4,0,0,0,0,2,0,1,98318,0,17
392,AAT,4,4,0,99323,1,6,0,3,0,3,3,11,0,1,4,0,2,1,1,1,0,0,0,0,0,0,0,1,0,3,0,0,1,2,2,6,2,1,1,0,6,1,0,0,3,0,1,0,0,0,0,6,0,3,1,3,2,0,3,0,0,2,0,1
393,AGC,3,26,0,0,7,6,3,3,2,99756,0,34,0,4,1,0,0,2,1,0,1,0,0,0,0,0,0,2,2,0,0,0,1,0,1,1,0,1,0,0,3,24,4,0,0,1,0,2,0,0,0,2,7,0,3,2,0,0,0,1,0,2,2,0
394,ACT,6,0,2,9,11,16,2,99334,7,4,6,3,4,0,3,17,2,1,7,2,0,2,0,1,2,4,7,1,2,4,0,0,4,3,1,3,0,0,3,7,0,2,0,3,1,3,11,4,0,2,0,5,6,2,4,4,0,2,4,1,7,0,1,2
395,TGG,0,0,0,1,0,0,0,0,2,0,2,0,0,0,0,1,0,0,0,2,0,0,0,0,0,0,18,0,0,0,1,0,0,0,0,0,0,0,0,0,0,0,0,0,1,0,0,0,0,0,17,1,1,0,2,0,10,2,99621,3,0,3,6,5
396,ATT,2,2,4,18,1,3,0,8,1,1,0,3,6,3,2,99361,2,4,1,4,2,4,3,2,2,0,1,2,1,2,0,1,0,1,1,1,3,1,0,5,2,1,0,1,1,1,0,4,0,0,0,0,3,7,0,5,0,0,0,2,0,1,2,4
397,AGC,4,74,2,8,4,6,1,2,19,99219,9,79,2,19,1,2,3,1,1,4,5,3,3,1,0,1,3,0,0,1,0,0,2,0,2,5,0,6,1,1,2,70,6,2,0,3,4,3,2,4,0,2,0,2,5,2,0,0,4,1,0,4,0,1
398,AAT,12,5,4,99846,4,4,0,2,0,1,3,4,0,2,0,3,0,3,0,8,3,3,1,6,4,1,1,8,1,0,0,2,2,0,0,5,0,2,1,3,0,3,0,3,0,0,1,0,0,0,0,5,0,1,3,7,0,0,1,0,2,0,2,1
399,ACC,14,17,6,5,19,99795,8,37,4,6,3,2,4,30,9,4,2,3,8,5,0,10,2,5,2,6,0,5,6,6,2,0,4,4,0,5,5,29,0,3,0,6,1,4,4,1,3,2,0,3,0,5,1,5,1,5,0,1,1,3,1,2,0,4
401,AGC,5,38,0,0,1,5,11,1,19,99175,4,64,1,9,6,1,2,3,4,3,3,3,0,0,5,16,3,9,3,0,0,4,5,6,6,0,3,4,1,2,5,120,8,1,5,3,3,4,2,10,0,4,6,10,2,6,1,9,4,4,9,2,6,1
402,GTG,2,6,7,3,2,6,3,7,4,3,2,6,0,2,59,6,4,2,0,3,2,0,0,2,2,2,3,1,5,5,4,0,1,6,2,4,2,1,7,4,3,2,5,2,100,4,99610,7,3,4,0,2,2,2,7,0,0,4,1,0,5,5,7,4
403,CAG,2,1,12,7,1,1,6,0,2,0,1,6,1,1,4,0,28,11,99456,51,2,3,10,3,0,7,62,2,0,2,3,4,2,4,0,2,6,1,0,0,0,0,4,0,0,8,3,2,0,5,101,5,6,1,4,1,0,4,5,6,2,0,1,1
404,GGG,1,0,7,1,4,3,1,0,1,2,29,0,0,2,8,2,0,0,4,0,2,0,3,1,1,2,8,1,0,2,3,0,0,4,29,1,1,4,6,1,73,3,99444,19,0,0,13,6,1,1,0,2,5,1,2,0,0,1,17,8,0,0,1,0
405,TCA,4,0,0,1,16,4,2,1,5,0,0,0,3,1,0,2,0,1,0,1,60,5,4,8,4,0,3,2,6,0,1,2,2,1,1,3,8,1,2,1,0,1,1,5,1,4,5,2,3,0,0,4,99804,6,33,8,0,2,3,2,25,6,1,4
406,AAT,21,11,5,99803,3,11,2,10,4,4,6,6,6,3,8,11,5,3,2,4,2,0,0,7,0,1,0,1,1,5,6,5,4,5,1,12,6,3,1,2,3,5,3,7,2,5,3,4,0,2,0,4,2,12,0,1,0,7,1,8,0,1,1,8
407,AGC,2,68,2,3,13,3,3,2,17,99549,4,74,6,14,3,7,3,3,3,3,4,8,5,6,4,12,6,4,2,3,2,1,3,3,2,4,4,1,11,7,4,34,7,7,8,8,0,11,1,7,0,5,3,4,2,8,0,10,9,10,8,7,3,7
408,ACG,3,5,33,6,40,4,99520,30,5,3,9,6,5,3,72,8,1,12,2,3,2,6,16,6,8,3,16,8,2,11,10,10,6,1,11,1,11,8,12,4,4,7,11,9,7,4,13,3,1,3,1,4,8,3,13,5,0,7,10,12,4,2,9,8
409,GGG,4,3,3,3,1,5,6,7,2,2,41,2,4,4,4,7,3,4,3,1,4,3,7,11,1,8,7,6,2,3,6,8,6,6,61,6,4,8,14,5,50,21,99627,23,0,9,14,7,0,1,0,3,5,4,4,6,0,5,22,4,3,6,10,5
410,TCA,2,1,2,3,5,3,2,1,2,2,3,0,1,2,4,2,2,4,1,2,53,6,1,4,3,1,1,6,1,0,3,1,2,2,1,1,0,1,1,0,2,1,3,5,1,4,3,5,3,7,2,5,99920,2,38,1,0,3,0,7,18,2,4,6
411,AAT,14,5,2,99934,6,3,2,1,0,4,2,10,2,1,7,12,4,1,3,1,3,4,2,0,1,2,6,0,3,7,0,4,3,0,0,7,3,2,1,3,1,4,1,14,0,1,0,3,0,0,1,5,2,1,1,2,1,3,4,3,2,1,3,6
412,GAC,2,12,0,5,5,2,5,4,4,7,3,8,4,3,1,3,3,4,8,6,6,3,5,2,3,2,0,1,2,1,0,7,31,99816,8,37,0,4,3,3,5,35,2,2,5,7,4,3,0,10,0,6,1,2,5,4,0,3,0,1,4,3,3,4
413,AGT,0,0,0,11,0,1,0,1,2,4,2,17786,2,0,0,2,1,0,0,0,0,0,0,1,2,0,0,5,1,0,1,1,1,0,0,0,1,0,5,1,1,0,0,5,0,2,2,3,0,0,0,0,0,2,0,0,0,0,3,0,0,0,1,1
414,ATA,1,0,0,0,0,0,0,0,0,0,0,0,17843,0,0,0,0,0,0,0,0,0,0,0,0,0,0,0,0,3,0,2,0,0,0,0,0,0,0,0,0,0,0,0,0,2,1,1,0,1,0,0,0,0,0,0,0,0,0,0,0,2,0,2
415,ACT,1,1,0,2,2,2,0,17822,0,1,0,1,0,0,0,7,0,0,1,0,0,0,0,2,0,0,0,0,1,0,0,0,0,0,1,0,0,0,0,2,0,0,0,0,0,0,0,0,0,0,0,1,2,2,0,0,0,0,0,0,1,2,0,0
416,CTC,0,0,0,0,0,0,0,0,0,0,0,0,2,2,1,0,0,0,1,0,0,1,0,0,0,0,0,0,0,17826,0,2,0,0,0,0,0,0,0,0,0,0,0,0,0,1,0,0,0,0,0,0,0,0,0,0,0,0,0,0,2,2,1,0
417,CCA,1,0,1,0,1,0,0,0,0,0,0,0,0,0,0,0,3,0,0,0,17826,0,1,1,0,1,1,1,3,0,0,0,0,0,1,0,0,0,2,0,0,0,0,0,1,0,0,1,0,0,0,0,0,0,0,0,0,0,0,0,1,0,0,2
418,TGC,0,0,0,0,0,0,0,0,0,0,0,0,0,0,0,0,0,0,0,0,0,0,0,0,0,1,0,0,0,0,0,0,0,0,0,0,0,0,0,0,0,1,0,0,0,0,0,0,0,7,0,0,0,0,0,0,0,17770,0,33,0,0,0,0
419,AGA,5,0,0,0,0,0,0,0,17834,1,1,0,1,0,0,0,0,0,0,0,0,0,0,0,1,0,0,1,0,0,0,0,0,0,0,0,0,1,0,0,8,0,0,0,0,0,0,0,0,0,0,1,0,0,0,0,1,0,0,0,0,0,0,0
420,ATA,0,0,0,0,0,0,0,0,0,0,0,0,17848,1,1,0,0,0,0,0,0,2,0,0,1,0,0,1,0,0,0,0,0,0,0,0,0,0,0,0,0,0,2,0,0,0,0,0,0,0,0,0,2,1,0,0,0,0,0,0,0,0,1,0
421,AAG,6,1,17833,0,0,0,1,0,0,0,0,1,0,0,1,0,0,1,0,0,1,0,0,0,0,2,0,1,0,0,0,0,0,0,1,0,0,0,0,0,0,0,0,0,0,0,0,0,0,0,0,0,1,0,0,0,0,0,0,0,0,0,0,0
422,CAA,1,0,0,0,0,0,0,0,1,0,0,0,0,0,2,0,17839,0,2,0,0,0,0,0,0,0,0,0,0,0,0,0,0,0,0,0,1,0,0,0,0,0,0,0,0,0,0,0,1,0,0,0,0,0,0,0,0,0,0,0,0,0,0,0
423,ATT,0,0,0,0,0,0,0,2,0,0,0,0,0,5,0,17560,0,0,0,0,0,0,0,0,0,0,0,0,0,0,0,0,0,0,0,0,0,0,0,0,0,0,0,1,1,0,0,1,0,0,0,0,0,0,0,0,0,0,0,0,1,1,0,2
424,ATA,0,0,0,0,0,1,0,1,0,0,0,0,17802,2,0,2,0,0,1,0,0,0,0,0,0,0,0,0,0,0,0,0,0,0,0,0,0,1,0,0,0,0,0,0,0,0,0,0,0,0,0,2,0,1,0,2,0,0,1,0,2,2,0,0
425,AAT,4,0,1,17813,0,2,0,1,0,0,0,4,0,0,1,1,1,1,1,0,0,0,0,0,0,0,0,0,0,0,0,0,0,0,0,0,0,0,0,1,0,0,0,0,0,0,0,0,0,0,0,0,1,0,0,0,0,0,0,0,0,0,0,2
426,ATG,2,1,1,0,0,1,0,0,0,0,0,1,7,1,17776,1,1,0,2,0,0,0,0,0,0,0,1,0,0,1,0,1,0,0,1,0,0,0,0,0,0,0,1,0,0,0,2,0,0,0,0,0,0,0,0,0,0,0,1,0,1,1,2,1
427,TGG,0,0,0,0,0,0,0,0,0,0,0,0,0,0,0,0,0,0,0,0,0,0,0,0,0,0,1,0,0,0,0,0,0,0,0,0,0,0,0,0,0,0,0,0,0,0,0,0,0,0,1,0,0,0,0,0,14,0,17780,0,0,0,2,0
428,CAG,0,0,1,0,0,0,1,1,0,0,0,0,0,1,0,0,5,2,17745,0,0,0,1,0,0,0,2,0,1,0,1,0,0,0,0,0,0,0,0,0,0,0,0,0,1,0,0,0,0,0,12,2,0,1,1,0,0,0,0,0,1,0,0,0
429,AGA,8,0,0,2,0,3,0,0,17766,0,0,0,1,0,0,0,1,0,1,0,0,0,0,0,0,0,0,0,0,0,0,0,0,0,0,0,2,0,0,1,2,0,1,0,2,1,0,2,0,2,0,0,1,0,1,0,0,0,0,1,0,0,0,0
430,ATA,0,0,0,0,2,0,1,0,1,1,0,0,17749,0,12,1,1,0,1,1,2,2,1,1,0,0,0,0,1,0,0,1,0,0,0,0,0,0,0,0,0,0,0,0,2,0,0,0,0,1,0,1,1,0,0,0,0,0,0,0,0,1,0,2
431,GGA,0,3,4,4,0,2,0,1,5,2,5,1,0,1,0,0,1,0,1,0,0,0,0,0,2,1,1,0,1,0,0,0,8,0,2,0,1,2,0,0,17682,2,5,7,4,0,0,0,0,0,0,0,0,0,0,0,4,0,0,0,0,1,0,0
432,CAA,7,0,2,0,1,1,0,2,0,2,0,0,1,1,1,0,17705,3,1,4,3,4,1,1,3,4,1,2,1,2,0,2,2,0,1,0,3,2,1,1,1,2,0,0,0,2,0,1,2,0,0,0,1,2,1,3,1,0,0,2,1,1,2,2
433,GCA,1,0,0,2,6,1,2,0,0,2,2,0,1,1,0,2,3,0,0,0,0,0,0,0,0,1,0,0,0,0,1,1,2,2,0,2,17672,0,2,0,1,0,0,2,18,1,1,1,0,1,0,2,4,0,1,0,0,0,1,1,1,1,3,0
434,ATG,0,0,1,0,0,0,1,1,0,0,1,0,7,0,17577,3,0,0,0,0,0,0,0,0,0,0,0,0,0,0,0,0,0,0,0,0,0,0,0,0,0,0,0,0,1,1,3,0,0,0,0,0,0,0,0,0,0,0,1,0,0,1,3,2
435,TAT,0,0,1,0,0,0,0,1,0,1,0,0,0,0,0,0,0,0,0,2,0,0,0,0,0,0,0,0,1,0,0,0,0,0,0,0,0,0,0,0,0,0,0,0,0,0,0,0,0,0,0,17730,0,0,0,1,0,0,1,0,0,0,0,0
436,GCC,0,2,0,0,1,10,0,0,0,0,0,1,0,2,0,0,0,0,1,0,0,0,0,0,1,0,0,0,1,0,0,0,0,1,0,1,4,17537,2,7,1,1,1,0,0,84,2,2,0,1,0,0,0,2,1,0,0,0,1,0,0,2,0,3
437,CCT,0,0,0,0,0,0,0,5,0,0,1,0,1,0,0,3,1,0,0,3,3,3,2,17778,0,0,0,0,0,1,1,9,0,0,0,0,0,1,0,1,0,0,0,0,0,0,3,0,0,0,1,0,0,0,0,2,0,0,0,3,0,0,1,1
438,CCC,0,0,0,0,0,6,1,0,0,2,0,1,0,0,2,0,0,3,0,1,5,17775,1,10,0,0,1,0,0,4,1,0,0,0,0,0,2,1,0,2,0,0,1,1,1,0,0,1,0,0,0,0,1,2,1,0,0,0,0,0,1,0,0,0
439,ATC,0,0,0,0,1,5,1,1,0,0,0,0,2,17770,1,3,0,0,0,0,0,0,0,0,0,0,1,0,0,0,0,0,0,0,1,0,0,0,0,0,0,1,0,0,1,1,1,0,0,0,0,0,0,0,0,0,0,0,0,0,0,0,3,0
440,CAA,2,1,0,0,0,0,0,1,0,0,1,2,1,0,0,0,17766,5,3,0,0,2,1,1,1,1,0,0,1,0,0,0,0,0,0,0,1,0,1,0,0,1,0,1,0,0,0,0,0,0,0,0,0,1,4,0,0,0,0,0,0,0,0,0
441,GGA,0,0,2,0,1,0,0,0,8,0,0,0,1,0,0,0,0,1,0,0,0,0,0,0,2,1,1,1,0,0,0,0,4,1,0,0,0,0,1,0,17580,4,1,2,1,0,0,1,1,0,0,0,0,0,0,0,3,1,0,1,0,0,0,0
442,GTA,0,0,2,0,3,0,0,0,0,0,1,0,15,0,0,3,1,2,0,0,0,2,1,0,2,1,0,1,0,0,0,0,4,0,0,0,3,1,1,0,0,0,0,0,16957,2,0,0,0,0,0,0,0,0,1,0,0,0,0,0,1,2,0,1
443,ATA,0,2,0,0,5,3,1,0,0,0,1,0,17602,0,3,1,1,0,0,0,1,1,0,0,0,0,0,0,0,0,1,0,1,0,0,0,1,0,1,0,0,0,0,1,0,0,0,0,0,1,0,0,0,0,1,0,0,0,0,0,2,0,0,1
444,AGA,5,0,0,0,1,0,1,0,17654,0,2,1,4,0,1,0,0,0,0,0,0,0,0,0,1,0,0,0,1,0,1,0,1,0,0,0,0,0,0,0,1,1,1,0,1,0,0,0,0,0,0,0,1,0,0,0,0,0,0,0,1,0,0,0
445,TGT,0,0,0,0,0,0,0,0,0,0,0,1,0,0,0,0,0,0,0,0,0,0,0,0,0,0,0,0,0,0,0,0,0,0,0,0,0,0,0,0,0,0,0,0,0,0,0,0,0,0,0,4,0,0,0,0,0,2,0,17448,0,0,0,0
446,GTA,4,0,1,1,1,0,1,1,0,0,0,3,17,2,2,1,0,0,0,0,0,1,0,1,1,1,1,0,0,0,0,0,1,0,1,0,3,0,0,0,1,0,1,0,17451,1,3,0,0,0,0,0,0,1,1,0,0,0,0,2,1,0,0,1
447,TCA,1,1,0,0,1,0,1,0,0,0,0,0,0,0,0,0,0,1,0,0,0,0,0,0,0,0,0,0,0,0,0,0,0,0,0,0,0,0,0,2,0,0,0,1,0,0,0,0,0,0,0,0,17425,0,1,0,0,0,0,0,2,1,0,0
448,AAC,1,17637,0,2,1,0,1,0,0,3,0,0,0,1,0,0,1,2,0,1,0,0,0,0,0,0,0,0,0,0,0,0,0,2,1,0,0,0,0,0,0,0,0,0,0,0,0,0,0,0,0,0,0,0,1,0,0,0,0,0,0,1,0,0
449,ATT,0,0,0,1,0,0,0,0,0,0,0,1,0,1,0,16489,0,0,0,0,0,0,0,0,0,0,0,0,0,0,0,0,0,0,0,0,0,0,0,0,0,0,0,0,1,1,0,0,0,0,0,0,0,0,0,0,0,0,0,0,1,0,0,0
450,ACA,0,0,0,0,17229,2,14,2,0,0,0,0,9,0,0,0,0,0,0,0,0,0,0,0,0,0,0,0,0,0,0,0,0,0,0,0,3,0,0,0,0,0,0,0,0,0,0,0,0,0,0,1,0,0,0,0,0,0,0,0,0,0,0,0
451,GGG,0,0,0,0,0,0,0,0,0,0,2,0,0,0,0,0,0,0,0,0,0,0,0,0,0,0,0,0,0,0,0,0,0,1,2,0,0,0,0,0,14,1,15070,6,0,0,0,0,0,0,0,0,0,0,0,0,0,0,2,0,0,0,0,0
452,CTA,0,0,0,0,0,0,0,0,0,0,0,0,7,0,1,0,0,0,0,0,5,0,0,0,0,0,0,0,16596,0,2,0,0,0,0,0,0,0,0,0,0,0,0,0,2,1,0,0,0,0,0,0,0,0,0,0,0,0,0,0,2,0,0,0
453,ATA,1,0,0,1,1,1,0,0,0,0,0,0,17246,0,0,0,0,0,0,0,0,0,0,0,0,0,0,0,0,0,2,0,0,0,0,0,0,0,0,0,0,0,1,0,3,0,1,1,0,0,0,1,0,0,0,0,0,0,0,0,1,0,0,0
454,TTA,0,0,0,0,0,0,0,0,0,0,0,0,1,0,1,0,0,0,0,0,0,0,0,0,0,0,0,0,1,0,1,0,0,1,0,0,0,0,0,0,0,0,0,0,0,0,0,0,0,0,0,0,0,0,0,0,0,0,0,0,16222,1,1,0
455,ACA,0,0,0,0,17208,0,4,2,0,0,0,2,2,0,1,0,0,0,1,0,0,0,0,0,0,0,0,0,0,0,0,0,0,0,0,0,0,0,0,0,0,0,0,0,0,0,0,0,0,0,0,0,1,0,0,1,0,0,0,0,0,1,0,0
456,AGA,3,0,0,0,0,0,0,0,16014,0,2,0,0,0,0,0,0,0,0,0,0,0,0,0,0,0,0,0,0,0,0,0,0,0,0,0,0,0,0,0,1,0,0,0,1,0,0,0,0,1,0,0,0,0,0,0,0,0,1,0,0,0,0,0
457,GAT,0,0,0,4,0,0,0,0,0,0,0,0,0,0,0,0,0,0,0,0,0,0,0,0,0,0,0,0,0,0,0,0,0,1,0,14250,0,0,0,0,0,0,0,0,0,0,0,0,0,0,0,0,0,0,0,0,0,0,0,0,0,0,0,0
458,GGT,0,0,0,0,0,0,0,0,0,0,0,3,0,0,0,0,0,0,0,0,0,0,0,0,0,0,0,0,0,0,0,0,0,0,0,3,0,0,1,0,1,1,0,9254,0,0,0,0,0,0,1,0,0,0,0,0,0,0,0,0,0,0,0,0
459,GGG,0,0,0,0,0,0,0,0,0,0,1,0,0,0,0,0,0,0,0,0,0,0,0,0,0,0,1,1,1,0,0,1,0,0,6,2,0,1,0,0,6,3,8683,0,0,0,1,0,0,0,1,0,1,0,0,0,0,0,1,0,0,0,0,0
460,AGT,0,0,0,9,0,0,0,0,3,0,1,11707,0,1,0,4,0,0,0,1,1,0,0,0,0,0,0,0,0,0,1,0,0,0,0,0,0,0,0,0,0,1,0,1,0,0,0,0,0,0,0,1,0,0,0,0,0,0,0,0,0,0,0,0
461,ACT,0,0,0,0,0,8,0,11676,0,0,1,0,1,0,0,3,0,0,0,0,1,0,0,0,0,0,0,0,0,0,0,0,0,1,0,0,0,1,1,1,0,0,1,0,0,0,0,0,0,0,0,0,1,0,0,1,0,0,0,0,0,0,0,0
462,AAT,5,1,1,15293,1,1,2,0,0,1,0,2,0,0,0,0,0,0,0,0,0,1,1,0,0,0,0,0,0,0,0,0,0,0,0,4,0,0,0,0,0,0,0,0,0,0,0,0,0,1,0,0,0,0,0,1,0,0,0,0,0,0,1,1
463,AGT,0,1,0,5,0,0,0,2,1,2,1,10320,1,1,0,0,0,0,2,2,0,0,0,1,0,0,0,1,1,0,0,0,1,0,0,0,2,1,1,0,0,0,1,1,0,0,0,1,0,0,0,0,0,0,0,1,0,0,0,0,0,0,0,0
464,ACA,3,0,0,0,11866,0,0,0,0,0,0,2,5,0,0,1,0,0,0,0,0,0,1,0,0,0,0,0,0,0,0,0,0,0,0,0,1,1,0,0,0,0,0,0,0,0,0,0,0,0,0,0,0,0,0,0,0,0,0,1,0,0,0,2
465,ACT,0,0,0,4,1,2,1,7818,0,0,0,1,1,0,0,3,0,0,0,1,0,0,0,0,0,0,0,0,0,0,0,0,0,0,1,0,0,0,0,0,0,0,0,0,0,0,0,0,0,0,0,1,0,1,1,0,0,1,0,0,0,0,0,0
466,GAA,4,0,0,0,0,0,0,0,0,0,0,0,0,0,0,0,0,0,1,0,0,0,0,0,0,0,0,0,0,0,0,0,5726,0,0,0,0,0,0,0,0,1,0,0,0,0,0,0,0,0,0,0,0,0,0,0,0,1,0,0,0,0,0,0
467,ACC,0,22,0,0,5,6331,0,2,0,0,0,0,0,1,0,1,0,0,0,0,0,0,0,0,0,0,0,0,0,0,0,0,0,0,0,0,0,0,0,0,0,0,0,0,1,1,0,0,0,0,0,0,0,0,0,1,0,0,0,0,0,0,0,0
468,TTC,0,0,0,0,0,1,0,0,0,1,0,0,1,0,0,0,0,0,0,0,0,0,0,0,0,0,0,0,0,3,0,0,0,0,0,0,0,0,0,0,0,0,0,0,1,1,0,0,0,0,0,0,0,1,0,0,0,0,0,0,0,12327,0,4
469,AGA,2,0,0,0,0,0,0,0,16912,1,2,1,1,0,0,0,0,0,0,0,0,0,0,0,0,0,0,0,0,0,0,0,0,0,0,0,0,0,0,0,2,0,0,0,0,0,0,0,0,0,0,0,0,0,0,0,0,0,0,0,0,1,0,0
470,CCT,0,0,0,0,0,0,0,0,1,0,0,0,0,0,0,0,0,0,0,3,2,3,1,7923,0,0,0,0,0,0,0,3,0,0,0,0,0,0,0,0,0,0,0,0,0,0,0,0,0,0,0,0,0,0,0,3,0,0,0,0,0,0,0,0
471,GGA,0,2,0,0,1,1,0,1,1,0,0,1,1,0,0,0,1,1,1,0,0,0,0,1,0,0,0,0,1,0,0,0,1,0,0,0,7,1,0,3,17260,2,6,4,3,0,0,2,0,1,0,1,1,1,0,0,1,0,0,1,1,0,0,1
472,GGA,1,0,0,0,0,1,0,0,2,0,0,0,0,0,0,0,0,0,0,0,0,0,0,0,0,0,0,0,0,0,0,0,0,0,0,0,1,0,1,0,17604,0,4,5,0,0,0,0,0,0,0,0,0,0,0,0,1,0,0,0,1,0,0,0
473,GGA,0,0,0,0,0,0,0,1,1,0,0,0,1,0,0,0,0,0,0,0,0,0,0,0,0,0,0,0,0,0,0,0,1,0,0,0,0,0,0,0,17617,0,7,1,0,0,0,0,0,0,0,0,0,0,0,0,2,0,0,0,0,0,0,0
474,GAT,0,1,0,7,0,0,0,0,0,0,0,0,0,0,0,0,1,0,0,0,0,0,0,0,0,0,1,0,0,0,0,0,0,3,1,17264,1,1,2,0,0,0,0,0,0,0,0,0,0,0,0,0,0,0,0,0,0,0,0,1,0,1,0,1
475,ATG,0,0,0,0,0,0,0,0,0,0,0,0,5,2,17349,7,2,0,0,0,0,0,0,0,0,0,0,0,0,0,0,1,0,1,0,0,0,2,1,0,0,1,0,0,1,0,1,1,0,0,0,0,0,0,0,0,0,0,0,0,3,0,4,0
476,AGG,1,0,3,0,0,1,0,1,7,2,17028,4,0,2,7,0,1,0,2,0,0,0,0,0,0,1,0,0,1,0,0,0,0,0,0,0,0,0,1,0,1,0,3,0,1,1,1,0,0,0,0,0,0,0,0,0,0,0,1,0,1,0,0,0
477,GAC,0,5,0,0,0,0,0,0,0,0,0,0,0,0,0,0,0,0,0,0,0,0,0,0,0,0,0,0,0,0,0,0,4,17513,1,2,0,0,1,0,0,1,0,0,0,0,0,0,0,0,0,0,0,0,0,0,0,0,0,0,0,0,0,0
478,AAT,1,2,0,17273,1,1,1,2,0,2,0,1,1,0,0,1,1,0,0,0,0,0,0,0,1,0,0,0,1,0,0,0,0,0,0,2,0,0,0,0,0,0,0,0,0,0,1,2,0,0,0,0,0,0,0,0,0,2,0,0,2,0,0,1
479,TGG,0,0,0,0,0,0,0,0,0,0,0,0,0,0,0,1,0,0,0,0,0,0,0,0,0,0,0,0,0,0,0,0,0,0,0,0,0,0,1,0,0,0,0,0,0,0,0,0,0,0,4,0,0,0,0,0,2,0,17718,0,1,1,2,1
480,AGA,12,0,0,0,0,1,0,0,17810,0,1,1,1,1,0,1,0,0,0,0,0,0,0,0,0,3,0,1,1,0,0,0,0,0,0,0,1,0,0,1,2,0,0,0,0,0,0,0,0,0,0,0,0,0,0,1,0,0,0,0,0,0,0,0
481,AGT,2,1,0,7,0,0,0,1,0,0,0,17787,1,0,0,1,1,0,0,0,0,1,1,0,0,0,0,0,1,0,0,0,0,0,0,0,0,0,0,1,0,0,0,1,0,1,0,0,0,0,0,2,0,0,0,0,0,0,0,0,1,0,1,1
482,GAA,2,0,0,0,0,0,0,0,0,0,0,0,0,0,0,0,1,0,0,0,0,0,0,0,0,0,0,0,0,0,0,0,17831,0,2,0,0,0,0,0,0,0,0,0,0,0,0,0,1,0,0,0,0,1,0,0,0,0,0,0,0,0,1,0
483,TTA,0,0,0,0,0,0,0,0,0,0,0,0,1,0,2,1,0,0,0,0,1,0,0,0,0,0,0,0,2,0,0,0,0,0,0,0,1,0,0,0,0,0,0,0,1,0,0,0,0,0,0,0,1,0,0,0,0,0,0,0,17729,1,4,1
484,TAT,0,0,0,3,0,0,0,0,0,0,0,0,0,0,0,0,0,1,0,3,1,0,0,0,0,0,0,0,0,1,0,2,0,1,0,0,1,0,1,1,0,0,0,0,0,0,0,0,5,2,0,17806,1,1,0,0,0,2,0,3,0,0,0,0
485,AAG,9,3,17818,2,0,1,2,0,1,0,1,0,2,0,1,0,0,0,1,0,0,0,0,0,0,0,0,0,0,0,0,0,0,1,4,0,0,0,1,0,0,0,1,0,0,0,0,1,0,0,0,1,0,0,1,0,0,0,0,0,1,1,2,0
486,TAT,0,0,0,0,0,0,0,0,0,0,0,0,0,0,0,0,0,0,0,1,0,0,0,0,0,0,0,0,1,0,0,0,0,0,0,0,0,0,0,0,0,0,0,0,0,0,0,0,0,0,0,17848,0,0,0,0,0,0,0,0,0,0,0,0
487,AAA,17844,0,7,0,0,0,0,0,5,0,0,0,0,0,0,0,0,0,0,0,0,0,0,0,1,0,0,0,0,0,0,0,2,0,0,0,0,0,0,0,0,0,0,0,0,0,0,0,0,0,0,0,0,0,0,0,0,0,0,0,0,0,0,0
488,GTA,0,0,0,0,0,0,0,0,0,0,0,0,6,0,0,1,0,0,0,0,0,0,0,0,0,0,0,0,0,0,0,0,2,0,0,0,1,0,0,0,0,0,0,0,17824,1,1,0,0,0,0,0,0,0,0,1,0,1,0,0,0,0,0,1
489,GTA,0,0,0,0,0,0,0,0,0,0,0,0,6,0,0,3,0,0,0,0,0,0,0,0,0,0,0,0,1,0,0,0,2,0,0,0,0,0,0,0,0,0,0,0,17793,1,1,2,0,0,0,0,0,0,0,0,0,0,1,0,0,0,0,0
490,AAA,17777,0,0,0,0,1,1,1,2,0,1,2,0,1,2,1,2,0,0,0,0,0,0,0,0,0,1,1,0,0,0,0,2,0,1,0,0,1,1,0,1,0,0,1,0,1,1,2,0,0,0,0,1,1,1,0,0,0,0,1,0,0,2,0
491,ATT,0,0,0,3,0,2,0,4,0,0,0,0,0,1,1,17647,1,0,0,0,0,0,0,0,0,0,0,0,0,1,0,0,0,0,0,0,0,0,0,0,0,0,0,0,0,1,1,1,0,0,0,0,0,0,0,0,1,0,0,0,1,0,0,3
492,GAA,2,1,2,1,1,1,0,0,0,0,1,1,0,1,0,2,0,0,0,0,0,0,0,0,1,0,0,0,0,0,0,0,17723,0,11,0,0,0,1,0,3,0,1,0,1,1,0,1,2,0,0,1,2,0,0,1,0,1,0,0,2,0,1,0
493,CCA,0,0,0,0,0,0,0,0,0,0,0,2,0,0,0,0,0,0,0,0,17781,0,2,0,0,0,0,0,5,0,1,0,0,0,0,1,1,2,1,1,0,0,0,1,0,0,0,0,0,0,0,0,2,1,0,0,0,0,0,0,0,0,0,0
494,CTA,1,0,0,0,0,0,0,0,0,0,0,0,4,2,1,2,1,0,0,0,1,0,0,0,0,0,0,0,17695,0,12,2,0,0,0,0,0,0,0,0,0,0,0,0,1,0,0,0,0,0,0,0,0,0,0,0,0,0,0,0,6,0,0,0
495,GGA,0,2,0,0,0,0,0,0,3,0,0,0,0,0,0,0,0,0,0,1,0,0,0,0,0,0,0,0,0,0,0,0,2,0,0,0,0,0,0,1,17831,3,4,1,0,0,0,0,0,0,0,0,0,0,0,0,2,0,0,0,0,0,0,0
496,GTA,0,0,0,0,0,0,0,0,0,0,0,0,13,0,0,1,0,0,0,0,0,0,0,0,0,0,0,0,1,0,1,2,1,0,0,0,1,0,0,0,0,0,0,0,17796,2,11,3,0,0,0,0,0,0,0,0,0,1,0,1,3,1,1,1
497,GCA,0,0,0,0,13,0,0,0,0,0,0,0,0,0,0,0,0,0,0,0,0,0,0,0,0,0,0,0,0,0,0,0,2,0,0,0,17764,3,7,0,0,0,0,1,17,1,0,1,0,0,0,0,2,0,0,0,0,0,0,0,0,0,0,0
498,CCC,0,0,0,0,0,0,0,0,0,0,0,1,0,0,0,0,0,1,0,0,5,17819,0,3,0,0,0,0,0,5,0,0,0,0,0,0,0,1,0,0,0,0,0,0,0,0,0,0,0,0,1,0,0,3,0,0,0,0,0,0,0,0,0,0
499,ACC,0,1,0,0,4,17808,1,13,0,3,0,2,0,1,0,0,0,0,0,0,0,0,0,0,0,0,0,0,0,0,0,0,0,0,0,0,0,2,0,0,0,0,0,0,0,0,0,0,0,0,0,0,0,1,0,1,0,0,0,0,0,0,0,0
500,AGG,1,1,1,0,0,0,2,0,7,0,17791,0,0,0,2,0,0,0,0,0,0,0,0,0,0,0,0,0,0,0,0,0,0,0,1,0,0,0,1,0,0,0,20,0,0,0,0,1,0,0,0,1,0,0,0,0,0,0,3,0,0,0,0,0
501,GCA,0,0,0,0,19,0,0,0,0,0,0,1,0,0,0,0,0,0,0,0,0,0,0,0,0,0,0,0,0,1,0,0,1,0,0,0,17805,0,2,0,0,1,0,1,6,0,0,0,0,0,0,0,3,0,0,0,0,0,1,0,1,0,0,0
502,AAG,3,0,17746,0,0,0,1,0,1,0,5,1,0,0,86,0,0,0,0,0,0,0,0,0,0,1,0,0,0,1,0,0,0,0,1,0,0,0,0,0,0,0,0,0,1,0,0,2,0,0,0,0,0,0,1,0,0,0,0,0,0,0,0,0
503,AGA,0,0,0,0,0,0,0,0,17829,0,2,0,1,0,0,0,0,0,0,0,0,0,0,0,0,1,0,0,0,0,0,0,0,0,0,0,0,0,0,0,0,0,0,0,0,0,0,0,0,0,0,0,0,0,0,0,0,0,1,0,0,0,0,0
504,AGA,1,0,0,0,1,0,0,0,17811,0,1,0,4,2,2,2,1,0,1,1,1,0,0,0,2,1,0,1,3,0,1,0,0,0,0,0,0,0,0,0,2,0,0,1,1,0,0,1,0,1,0,1,0,0,0,0,0,0,0,1,2,3,1,1
505,GTG,0,0,0,0,0,0,2,0,0,0,0,1,0,0,4,0,0,0,0,0,0,0,0,0,0,0,1,0,0,0,0,0,0,0,0,0,0,1,0,0,0,0,0,0,8,2,17840,2,0,0,0,0,0,0,0,0,0,0,0,1,0,0,1,0
506,GTG,0,0,0,0,0,0,0,0,0,0,1,0,1,1,5,0,0,0,0,0,0,0,0,0,0,0,0,0,0,0,0,0,0,0,0,0,0,0,0,0,0,0,0,0,8,2,17834,4,0,0,0,0,1,0,0,0,0,0,1,0,0,0,0,0
507,GGG,0,0,2,0,3,0,2,0,0,0,7,0,0,0,1,0,0,3,2,1,1,0,0,0,1,0,0,0,1,0,0,0,0,0,14,1,0,2,0,2,8,3,17790,1,1,0,3,0,0,0,0,0,1,2,0,0,1,0,1,0,0,1,0,1
508,AGA,6,0,0,0,0,0,0,1,17833,1,3,0,0,0,1,0,0,0,0,0,0,0,0,0,0,0,0,0,0,0,0,1,0,0,0,0,1,0,0,0,1,0,0,0,0,0,0,0,0,0,0,1,0,2,0,0,0,0,1,0,1,0,2,0
509,GAA,10,0,0,0,0,0,0,0,0,0,0,1,0,0,0,0,0,0,0,1,1,2,1,1,0,1,2,0,0,1,0,0,17817,0,3,0,3,1,0,0,3,1,0,0,2,0,0,3,0,2,0,0,0,0,1,1,0,0,0,0,1,0,2,0
510,AAA,17820,0,5,1,1,0,0,0,2,1,0,1,1,0,0,1,2,0,0,1,0,2,0,1,2,0,1,0,1,0,0,0,2,0,1,0,0,0,1,0,0,1,0,0,0,0,0,1,0,2,0,0,0,2,0,1,0,1,0,1,0,0,1,1
511,AGA,3,0,0,0,0,0,0,0,17798,0,4,0,1,0,0,0,0,0,0,0,0,0,0,0,0,0,0,0,0,0,0,0,0,0,1,0,0,0,0,0,46,0,0,0,0,0,0,0,0,0,0,0,0,0,0,0,0,0,0,0,0,0,1,0
512,GCA,0,1,0,1,8,0,0,0,0,1,0,0,0,0,0,1,0,1,0,1,0,0,0,0,0,0,0,0,0,0,0,0,1,0,1,1,17774,1,1,1,0,0,1,1,22,0,1,3,0,0,0,2,1,1,0,2,0,0,0,0,0,0,0,0
513,GTT,1,0,0,0,0,0,2,1,0,1,0,1,0,0,0,13,0,0,0,0,2,2,0,2,0,0,0,0,0,2,0,3,0,0,0,1,0,0,1,3,0,1,1,1,1,4,1,32971,0,1,0,1,0,1,1,1,0,0,0,0,0,1,0,5
514,GGA,0,1,0,1,0,1,0,0,10,0,0,0,0,1,0,1,2,0,1,0,0,1,0,3,0,0,0,0,1,0,2,0,9,1,2,1,1,1,0,1,32991,3,3,1,3,0,0,0,0,1,0,0,2,0,0,4,3,0,0,0,1,1,0,0
515,ATA,0,0,0,0,4,2,3,3,0,1,0,0,32993,1,13,2,1,1,0,0,0,1,0,1,0,0,0,0,1,0,2,2,0,0,0,0,1,1,2,1,1,0,1,0,1,0,2,1,0,1,0,3,0,0,1,4,0,0,0,0,1,2,3,1
516,GGA,0,0,0,2,0,0,1,0,7,2,0,1,2,0,1,0,1,1,0,0,0,0,0,0,0,0,0,0,0,0,0,0,11,1,3,0,1,2,0,0,32929,1,4,1,4,0,0,0,2,0,0,0,0,1,2,0,2,0,0,0,1,0,0,0
517,GCT,0,0,0,0,0,1,0,14,0,0,0,0,0,1,0,0,0,0,0,0,0,0,0,1,0,0,0,0,0,0,0,0,0,0,0,2,1,4,1,32982,0,0,0,3,0,0,0,12,0,0,0,0,0,0,0,2,0,0,0,0,0,0,1,0
518,GTC,0,0,0,0,1,0,0,0,0,0,0,0,0,8,0,1,0,0,0,0,0,2,0,0,0,0,0,0,0,0,0,0,0,0,1,0,1,5,0,1,3,1,4,2,6,33002,6,7,1,0,0,1,0,0,2,0,0,0,1,0,0,1,2,0
519,TTC,0,0,0,0,0,1,2,1,0,0,0,0,1,0,0,0,0,0,0,0,0,0,0,0,0,0,0,0,0,1,0,0,0,0,0,0,1,2,0,1,0,0,0,0,3,2,0,0,0,2,0,1,1,5,0,0,0,0,0,0,0,33034,0,3
520,CTT,0,0,0,0,0,0,0,0,0,0,0,0,0,0,0,4,1,2,0,1,0,1,0,9,1,0,0,1,0,8,0,32975,0,0,0,0,0,0,0,0,0,0,0,0,0,0,0,1,0,0,0,0,0,0,0,6,0,0,0,0,0,0,2,5
521,GGG,0,0,0,0,0,0,0,0,0,2,3,0,0,0,0,0,0,0,0,0,0,0,0,0,0,0,0,0,0,0,0,1,0,0,2,0,0,0,0,0,7,0,33009,6,0,0,1,0,0,0,0,0,0,1,0,0,0,0,7,0,0,0,0,0
522,TTC,0,0,0,0,0,0,0,0,0,0,0,0,0,1,0,0,0,0,0,0,0,0,0,0,0,0,0,0,0,1,0,0,0,0,0,0,0,0,0,0,0,0,0,1,0,0,0,0,0,0,0,0,1,0,0,0,0,1,0,0,2,32717,1,2
523,TTA,0,0,0,0,0,0,0,0,0,0,0,0,1,0,0,0,0,0,0,0,0,0,0,0,0,0,0,0,7,1,0,0,0,0,0,0,0,0,0,0,0,0,0,0,0,0,0,0,0,0,0,0,2,0,0,0,0,0,0,0,32928,1,20,1
524,GGA,0,0,0,1,1,0,0,1,6,0,1,2,1,0,1,0,0,2,1,0,0,0,0,0,1,0,0,0,1,0,0,0,2,0,0,0,1,2,1,1,32964,1,3,3,1,0,0,0,1,3,0,0,0,0,0,0,6,0,0,2,2,0,0,1
525,GCA,0,0,0,0,26,0,0,0,0,0,0,0,0,0,0,0,0,0,0,0,1,0,0,0,0,0,0,0,0,1,0,0,2,0,0,0,32900,2,1,2,0,0,0,0,8,0,0,0,0,0,0,0,1,2,0,2,0,0,0,0,0,1,0,0
526,GCA,0,0,0,0,30,0,0,0,0,0,0,1,0,0,0,0,0,0,0,0,0,0,0,0,0,0,0,0,0,0,0,0,1,0,0,0,32824,6,18,2,0,0,1,0,18,0,1,0,0,0,0,0,0,0,0,0,0,0,0,0,0,0,0,0
527,GGA,0,0,0,0,0,0,0,0,5,0,0,1,0,0,0,0,0,0,1,0,0,0,0,0,0,0,0,0,0,0,0,0,7,0,0,0,3,3,0,1,32882,3,11,2,0,0,0,0,1,0,0,0,1,0,0,1,1,0,0,0,0,0,0,0
528,AGC,0,15,0,0,0,3,0,1,3,32791,0,16,0,3,1,0,0,0,0,0,0,0,0,0,0,0,0,0,0,0,1,1,0,0,0,0,0,0,0,1,0,5,0,0,0,1,0,0,0,1,0,0,0,1,0,1,0,1,0,0,0,1,0,0
529,ACT,0,0,0,2,2,14,3,32587,0,1,0,1,1,0,1,3,0,0,0,0,0,0,0,0,0,0,0,0,0,0,0,0,0,0,0,0,0,0,0,4,0,0,0,0,0,0,0,0,0,0,0,0,1,0,1,0,0,0,0,0,0,0,0,0
530,ATG,0,0,0,0,0,0,0,0,0,0,0,0,3,0,32524,2,0,0,0,0,0,0,0,0,0,0,0,0,0,0,1,0,0,0,0,0,0,0,0,0,0,0,0,0,0,0,1,0,0,0,0,0,0,0,0,0,0,0,0,0,0,0,1,0
531,GGC,0,0,0,0,0,0,0,0,0,7,0,0,0,0,0,0,0,0,0,0,0,0,0,0,0,0,0,0,0,0,0,0,0,8,0,0,0,1,0,0,3,32816,0,7,0,0,0,0,0,0,0,0,0,0,0,0,0,0,0,0,0,0,0,0
532,GCG,0,0,0,0,0,0,13,0,0,0,0,0,0,0,0,0,0,0,0,0,0,0,1,0,0,0,0,0,0,0,0,0,0,0,0,0,23,1,32711,4,0,0,0,0,0,0,15,1,0,0,0,0,0,0,2,0,0,0,0,0,0,0,0,0
533,GCG,0,0,0,0,0,0,4,0,0,0,0,0,0,0,0,0,0,0,0,0,0,0,0,0,0,0,0,0,0,0,0,0,0,0,0,0,15,1,32712,1,0,0,3,0,0,0,29,0,0,0,0,0,0,0,1,0,0,0,0,0,0,0,0,0
534,TCA,0,0,0,0,1,1,2,0,0,0,0,2,0,1,0,0,0,0,0,0,9,0,0,0,0,0,0,0,0,0,0,0,0,0,0,0,3,3,2,2,0,0,5,0,1,0,0,1,0,0,0,0,32492,1,24,4,1,2,0,0,5,1,1,0
535,ATG,0,0,0,0,1,0,5,1,0,0,0,0,6,0,32254,1,0,0,0,0,0,0,0,0,0,0,0,0,0,0,0,0,0,0,0,0,0,0,0,0,0,0,0,0,0,0,4,0,1,3,0,0,0,0,0,0,0,0,0,0,0,1,2,0
536,ACG,0,0,0,0,18,0,32820,3,0,0,0,0,0,0,14,0,0,0,0,0,0,0,0,0,0,0,0,0,0,0,0,0,0,0,1,0,0,0,8,0,0,0,0,0,0,0,0,0,0,0,0,0,0,0,0,0,0,0,0,0,0,0,0,0
537,CTG,0,0,0,0,0,0,0,0,0,0,0,0,0,0,0,0,0,0,0,0,0,0,2,0,0,0,2,0,2,0,33028,0,0,0,0,0,0,0,0,0,0,0,0,0,0,0,0,0,0,0,0,0,0,0,0,0,0,0,0,0,0,0,5,0
538,ACG,0,0,0,0,8,0,32838,1,0,0,0,0,0,0,30,0,0,0,0,0,0,0,1,0,0,0,0,0,0,0,0,0,0,0,0,0,0,0,7,0,0,0,0,0,0,0,1,0,0,0,0,0,0,0,0,0,0,0,0,0,0,0,0,0
539,GTA,0,0,0,0,0,0,0,0,2,0,0,0,12,0,0,0,0,0,0,0,0,0,0,0,0,0,0,0,4,0,0,0,0,0,0,0,4,0,0,0,1,0,0,0,32800,0,5,0,0,0,0,0,0,0,0,0,0,0,0,0,1,0,0,0
540,CAG,0,0,3,0,0,0,0,0,0,0,0,0,0,0,0,0,9,0,32699,0,0,0,2,0,0,0,7,0,0,1,4,0,0,0,0,0,0,0,0,0,0,0,0,0,0,0,0,0,0,0,9,0,0,0,0,0,0,0,0,0,0,0,0,0
541,GCC,0,0,0,0,0,20,0,0,0,0,0,0,0,0,0,0,0,0,0,0,0,0,0,0,0,0,0,0,0,0,0,0,0,1,0,0,0,32515,1,3,0,0,0,0,0,17,0,0,0,0,0,0,0,1,0,0,0,0,0,0,0,0,0,0
542,AGA,3,1,0,0,0,0,1,2,32658,1,2,0,0,0,0,0,0,1,0,0,0,0,0,0,0,0,0,0,0,0,0,0,0,0,0,0,0,0,0,0,5,1,1,1,0,0,0,0,0,0,0,0,0,0,0,0,0,0,0,0,0,0,0,0
543,AAT,3,2,3,32304,1,2,0,2,0,2,0,3,0,0,0,0,0,3,0,0,1,0,0,0,0,0,0,0,0,0,0,1,1,0,0,0,2,0,0,2,0,1,0,0,0,0,1,0,0,0,0,0,0,0,0,0,0,0,0,0,0,0,0,0
544,TTA,0,0,0,0,0,0,0,0,0,0,0,0,2,0,1,0,0,0,0,0,0,0,0,0,0,0,0,0,5,0,0,0,0,0,0,0,0,0,0,0,0,0,0,0,1,0,0,0,1,0,0,0,1,0,0,0,0,0,0,0,31829,0,3,0
545,TTA,1,0,0,0,0,0,0,0,0,0,0,0,1,0,0,0,1,0,0,0,0,0,0,0,0,0,0,0,3,0,0,0,0,2,0,0,0,0,0,0,0,0,0,0,0,0,1,0,3,0,0,0,0,0,1,0,0,1,0,0,32353,0,4,0
546,TCT,0,0,0,0,0,1,2,3,0,0,0,2,0,0,0,1,0,1,0,1,0,0,0,2,0,1,0,0,0,1,0,0,0,0,0,0,0,0,0,0,0,0,0,0,0,0,0,0,0,0,0,1,1,6,1,32649,0,0,0,0,0,0,0,3
547,GGC,0,0,0,0,0,0,0,0,0,2,0,0,0,0,0,0,0,0,0,0,0,0,0,0,0,0,0,0,0,0,0,0,0,34,0,0,1,0,0,0,2,31729,1,21,0,0,1,0,0,0,0,0,0,0,0,0,0,0,2,0,0,0,0,0
548,ATA,2,0,0,0,3,0,0,0,0,2,0,0,31385,0,14,2,0,1,0,0,0,0,0,0,0,0,0,0,1,0,0,1,0,0,0,0,0,0,0,0,0,0,0,0,0,0,1,0,0,0,0,1,0,0,0,0,0,0,1,0,0,0,0,0
549,GTG,0,0,1,0,0,0,0,0,0,0,0,0,0,0,7,0,0,0,0,0,0,0,0,0,0,0,0,0,0,0,0,0,0,0,0,0,0,0,5,0,0,0,0,0,17,0,31282,0,0,0,0,0,0,0,0,0,0,0,0,0,0,0,0,0
550,CAA,0,0,0,1,0,0,0,0,0,0,0,1,1,1,0,0,29764,0,8,0,0,0,0,0,2,0,0,1,2,0,0,0,0,0,0,0,1,0,0,0,0,0,0,0,1,0,0,0,11,0,0,0,0,0,1,0,0,0,0,0,0,1,0,1
551,CAG,0,0,6,0,1,0,0,0,0,1,0,0,0,0,0,0,24,1,31490,3,0,0,0,0,0,0,2,0,0,0,1,0,0,0,2,0,0,0,1,0,0,1,0,0,0,0,0,0,0,0,5,0,1,1,0,2,0,0,0,0,0,0,0,0
552,CAA,1,0,0,2,0,1,0,0,0,0,0,0,0,1,0,0,29736,1,1,0,0,0,0,0,0,1,0,0,0,0,0,0,0,0,0,0,0,0,0,0,0,0,0,0,0,0,0,0,5,0,0,1,0,0,0,1,0,0,0,0,0,0,0,1
553,AGC,0,10,0,0,0,0,0,0,4,28025,0,22,0,2,1,0,0,0,0,0,0,0,0,0,1,0,0,0,0,0,0,0,0,0,0,0,0,0,0,0,0,4,0,0,0,0,0,0,0,0,0,1,0,0,0,0,0,0,1,1,0,0,0,0
554,AAT,1,0,0,27251,0,0,0,0,1,1,0,2,0,1,0,2,2,0,0,1,0,0,0,0,0,0,1,1,0,0,0,0,0,0,0,2,0,0,1,0,0,0,1,0,0,0,0,0,0,0,0,0,0,0,1,0,0,0,1,3,0,0,0,0
555,TTG,0,0,0,0,0,0,1,0,0,0,0,0,0,0,1,0,0,0,0,0,0,0,0,0,0,0,0,0,0,0,2,0,0,0,0,0,0,0,0,0,0,0,0,0,0,0,1,0,0,0,0,0,0,0,1,0,0,0,0,0,8,2,28146,0
556,CTG,0,0,0,0,0,0,0,0,0,0,0,0,0,2,1,0,0,0,3,0,0,0,2,0,1,2,0,0,3,1,27237,2,0,0,0,0,0,0,0,0,0,0,0,0,0,0,1,0,0,3,0,0,0,0,0,0,0,0,0,0,0,0,16,0
557,AGG,1,0,11,1,0,0,0,0,4,2,23030,1,0,1,9,0,1,1,0,2,0,0,0,0,1,0,2,0,1,0,0,0,0,0,0,0,0,0,0,1,0,0,4,1,0,0,0,0,0,0,0,0,2,0,2,2,0,0,1,0,3,0,0,0
558,GCT,0,0,0,0,1,1,0,28,0,0,0,0,0,0,0,0,0,0,0,0,0,0,0,0,0,0,0,0,0,0,0,0,0,0,0,3,0,9,0,23106,0,0,0,0,0,0,0,3,0,0,0,0,0,0,0,1,0,0,0,0,0,0,0,0
559,ATA,0,0,0,0,1,0,0,0,0,0,0,0,27120,0,13,1,0,0,0,0,0,0,0,0,0,0,0,0,1,2,0,1,0,0,0,0,0,0,0,0,0,0,0,0,2,1,2,0,0,0,0,0,0,0,0,0,0,0,0,0,2,0,1,0
560,GAG,0,0,2,0,0,0,1,0,0,0,2,2,0,0,1,0,0,0,0,0,0,0,0,0,0,0,2,1,0,0,0,0,7,0,21400,2,0,0,1,0,0,0,0,0,0,0,2,0,0,0,0,0,0,0,0,0,0,0,1,1,0,0,1,0
561,GCT,0,0,0,0,0,0,0,13,0,0,0,0,0,0,0,0,0,0,0,0,0,0,0,0,0,0,0,0,0,1,0,0,0,0,0,2,0,3,1,20133,0,0,0,0,0,2,0,1,0,0,0,0,1,0,1,3,0,0,1,0,0,1,1,0
562,CAA,0,0,0,0,0,1,0,0,0,0,0,0,0,0,0,0,26406,0,1,0,0,0,0,0,4,0,0,0,0,0,0,0,0,0,0,0,0,0,1,0,0,0,0,1,0,0,0,0,1,0,0,0,0,0,0,0,0,0,0,0,0,0,0,1
563,CAA,0,1,0,1,0,0,0,0,0,0,0,1,0,0,0,0,26193,1,1,3,0,0,0,0,1,0,0,0,1,0,0,0,0,0,0,0,0,0,0,0,0,0,0,0,0,0,0,0,1,0,0,0,0,0,0,0,0,0,0,0,0,0,0,0
564,CAT,0,1,0,7,0,0,0,1,1,0,0,0,0,1,0,1,1,2,0,21605,0,0,0,0,1,0,0,0,0,0,0,1,0,0,0,0,0,1,0,0,0,0,0,1,0,0,0,0,0,1,0,2,1,0,0,1,0,0,0,0,0,0,0,1
565,CTG,0,0,0,0,0,0,2,0,0,0,1,0,0,1,4,0,1,0,9,0,0,0,5,1,0,0,0,0,7,0,30929,2,0,0,0,0,0,2,6,0,0,0,0,0,0,2,4,0,0,0,0,0,0,0,2,0,0,0,0,0,0,1,8,1
566,TTG,0,0,0,0,0,0,0,0,0,0,0,0,0,0,2,0,0,0,0,0,0,0,0,0,0,0,0,0,0,0,4,0,0,0,0,0,0,0,0,0,0,0,0,0,0,0,0,0,0,0,1,0,0,0,4,0,0,0,0,0,1,0,30863,3
567,AAA,30987,0,2,1,1,0,1,0,5,0,0,0,0,0,0,0,0,0,0,0,0,0,0,0,0,1,1,0,0,0,0,0,5,0,0,0,0,0,2,0,0,0,1,1,0,0,0,0,0,0,0,0,1,1,1,0,0,0,0,0,0,0,0,0
568,CTC,0,0,0,0,0,0,0,0,0,0,0,0,0,3,0,0,0,1,0,0,0,3,0,0,0,2,0,0,1,29459,1,3,0,0,0,0,0,1,0,1,0,0,0,1,0,0,0,1,0,0,0,0,0,0,2,0,1,0,0,0,0,3,0,0
569,ACG,0,0,2,0,11,1,30692,11,0,0,0,2,0,0,37,0,0,7,2,0,0,0,0,0,0,0,0,0,0,0,0,0,0,0,0,0,0,1,4,0,1,1,1,4,0,0,0,0,0,1,0,0,2,0,3,0,0,1,0,0,0,0,0,0
570,GTC,0,0,0,0,0,4,0,0,0,0,0,1,0,5,3,0,0,1,0,0,0,0,0,0,0,0,0,0,0,3,2,1,0,0,0,0,0,9,2,3,0,0,0,3,2,28329,0,3,0,1,0,0,1,0,1,0,0,1,0,0,0,4,0,1
571,TGG,0,0,0,0,0,0,1,0,0,0,0,0,0,0,0,0,0,0,0,0,0,0,0,0,0,0,7,0,0,0,4,0,0,0,0,0,0,0,0,0,0,0,1,0,0,0,0,1,0,0,2,0,0,0,0,0,7,0,31099,1,0,0,0,0
572,GGC,0,0,0,0,0,0,0,0,0,2,0,0,0,0,0,0,0,0,0,0,0,0,0,0,1,0,0,0,0,0,0,1,0,33,0,0,1,1,0,0,6,31321,0,19,0,0,0,0,0,0,0,0,0,0,1,0,0,0,1,0,0,0,0,0
573,ATT,0,1,0,3,1,3,1,12,0,0,0,0,2,7,0,31611,1,0,0,0,0,0,0,1,0,0,0,0,1,2,2,1,1,0,0,0,1,2,2,3,0,0,0,0,2,2,0,3,0,1,0,0,0,0,0,0,0,1,0,2,1,0,0,0
574,AAA,32606,4,6,1,0,0,0,0,4,1,6,0,0,1,0,0,0,1,0,0,0,0,0,0,1,0,0,1,0,0,0,0,0,0,0,0,0,0,0,0,0,0,0,0,0,0,0,0,0,0,0,0,0,0,0,0,0,0,0,0,1,0,0,0
575,CAG,1,0,3,1,2,2,0,1,0,0,0,3,0,0,0,0,18,0,32442,3,0,0,1,0,0,0,4,0,0,0,0,0,2,0,3,1,1,1,4,0,0,0,5,3,0,0,2,0,0,1,9,0,2,0,2,2,0,1,5,0,1,0,1,0
576,CTC,0,1,0,0,0,2,0,0,0,0,0,0,0,2,0,0,0,0,0,0,1,1,0,0,0,0,0,0,3,31517,2,4,0,0,0,0,0,0,0,0,0,0,0,0,0,0,0,0,0,0,0,0,1,0,1,0,0,0,0,0,0,4,0,0
577,CAG,0,0,0,0,0,2,1,0,0,0,0,0,1,0,0,0,6,2,32685,3,0,0,0,0,0,0,21,1,0,0,0,0,1,0,0,0,0,0,0,1,0,0,0,0,0,0,1,0,0,0,6,0,1,0,0,0,0,0,0,1,0,1,0,0
578,GCA,0,0,0,0,22,0,0,0,0,1,0,0,1,0,1,0,0,0,0,0,0,0,0,0,0,0,0,0,0,1,0,1,1,0,0,1,32478,1,1,0,0,0,2,0,9,0,0,1,0,0,0,0,2,0,1,1,0,1,0,0,0,0,0,0
579,AGG,0,0,12,0,0,0,1,0,13,1,32893,3,0,0,9,0,0,0,1,0,0,0,0,0,0,1,4,1,0,0,0,0,0,0,0,0,0,0,0,0,0,0,3,0,0,0,0,0,0,0,0,0,1,0,0,0,0,0,0,0,0,0,0,0
580,GTC,0,0,0,0,0,0,0,0,0,0,0,0,0,19,0,2,0,0,0,0,1,0,0,0,0,0,0,0,0,5,0,0,0,0,0,0,0,3,0,0,0,0,0,0,1,32343,1,1,0,0,0,0,0,0,0,0,0,0,0,0,0,4,0,1
581,CTG,0,0,1,0,0,1,1,1,0,0,0,0,1,2,1,1,0,2,1,0,0,0,4,1,1,0,1,1,8,0,32828,3,0,1,0,0,1,0,0,2,0,0,0,0,0,1,4,0,0,0,0,0,0,0,1,1,0,0,0,0,1,0,8,0
582,GCT,0,0,0,1,1,1,0,21,0,0,0,2,0,0,0,0,1,0,0,0,0,0,0,1,0,0,0,0,0,0,1,1,0,0,0,3,1,6,0,32839,0,0,0,1,0,0,1,22,0,0,0,0,1,2,1,6,0,1,0,0,0,0,0,1
583,GTG,0,0,0,0,1,1,1,1,0,0,0,0,0,1,12,1,0,1,1,2,0,1,0,0,0,0,0,0,0,1,2,0,0,0,0,0,1,2,19,2,0,0,0,0,2,1,32916,2,0,1,0,0,0,1,0,0,0,1,0,2,1,0,3,0
584,GAA,5,0,0,0,0,0,0,0,0,1,0,0,0,0,0,0,0,0,0,0,0,0,0,0,0,0,0,0,0,0,0,0,33064,2,7,1,1,0,0,0,4,0,0,0,0,0,0,0,1,0,0,0,0,0,0,0,0,0,0,1,0,0,0,0
585,AGA,4,0,0,1,0,0,1,0,32991,0,6,1,2,0,0,1,1,1,0,1,0,0,0,0,1,0,1,1,0,1,0,0,0,0,0,0,0,0,1,0,4,0,3,1,0,1,1,3,1,0,0,1,0,0,0,0,0,1,0,1,0,0,0,1
586,TAC,0,4,0,0,0,2,1,0,0,0,0,0,0,0,0,1,0,2,0,0,0,0,0,0,0,0,1,0,0,0,0,0,0,0,0,0,0,1,0,0,0,0,0,0,0,0,0,0,1,32889,1,4,0,0,1,0,0,4,0,1,0,0,0,0
587,CTA,0,0,0,0,3,0,0,0,0,0,0,0,1,0,0,0,0,0,0,0,5,0,0,0,0,0,0,0,32900,1,3,1,0,0,0,0,0,0,2,0,0,0,0,0,0,0,0,1,0,0,0,0,5,3,3,1,0,0,0,0,1,0,1,0
588,AGG,0,0,10,0,0,0,1,1,3,0,32902,2,0,0,4,1,0,0,0,0,0,0,0,0,0,0,2,0,0,0,0,0,0,0,0,0,0,0,0,0,0,0,5,0,0,0,0,0,0,0,0,0,0,0,0,1,0,0,2,2,0,0,1,1
589,GAT,0,1,2,16,1,2,1,3,1,0,0,1,0,1,1,3,0,2,0,3,0,0,0,0,0,0,0,0,0,0,0,2,1,1,0,32837,0,0,1,0,0,0,4,2,0,0,3,2,0,0,0,3,1,1,1,1,0,0,2,0,1,1,1,0
590,CAA,9,1,0,0,1,0,1,0,2,0,0,0,0,0,2,0,32904,1,3,2,0,0,0,0,6,1,3,0,2,1,0,0,0,1,0,0,1,1,0,0,0,0,0,0,3,2,1,0,5,0,0,1,0,1,0,1,0,1,2,1,1,0,1,0
591,CAG,0,0,2,0,0,0,0,0,0,0,0,0,0,0,0,0,14,0,32913,1,0,0,1,0,1,0,6,0,0,0,1,0,0,0,1,0,1,0,0,1,0,0,0,0,0,0,0,0,0,0,4,0,0,0,1,0,0,0,0,0,0,0,1,0
592,CTT,1,0,0,0,0,0,0,0,0,0,1,0,0,1,0,1,2,1,0,1,0,0,0,0,2,2,1,1,2,3,1,32910,0,0,0,0,0,0,0,1,0,0,0,0,0,0,0,1,0,0,0,0,0,0,0,0,0,0,0,0,0,3,1,4
593,CTA,0,0,0,0,0,0,0,0,0,0,1,0,1,0,0,1,0,0,0,0,1,0,0,0,1,1,0,1,32955,5,13,2,0,0,0,0,0,0,0,0,0,0,0,0,1,2,0,0,0,0,1,0,0,0,0,0,1,0,0,1,5,1,0,0
594,GGA,4,0,2,1,3,0,2,0,13,1,2,2,0,1,2,2,3,3,1,4,0,1,0,0,1,4,0,4,0,1,0,1,9,1,1,2,6,2,1,5,32918,3,1,2,2,3,0,1,0,1,0,3,2,3,1,1,1,0,5,0,0,4,0,0
595,ATT,0,0,0,0,0,0,1,2,0,0,0,0,2,5,6,32901,0,0,0,1,0,0,0,0,0,0,0,0,1,0,5,2,0,0,0,0,1,0,0,0,0,0,0,0,0,0,1,0,0,0,0,0,0,0,0,0,0,0,0,1,6,0,4,1
596,TGG,0,0,1,0,0,0,0,0,0,0,0,0,2,0,3,3,0,0,0,0,0,0,0,0,0,0,3,0,0,1,0,0,0,0,0,0,0,0,0,0,0,0,1,0,1,0,2,2,1,0,1,0,0,0,1,0,8,1,32956,7,1,4,0,5
597,GGC,0,0,0,0,0,0,0,0,0,5,0,0,0,0,0,0,0,0,0,0,1,0,0,0,0,0,0,0,0,0,0,0,0,13,0,0,0,0,0,0,5,32866,3,15,0,3,1,0,0,0,0,0,0,0,0,0,0,3,0,0,0,0,0,0
598,TGC,0,0,0,0,0,0,0,0,0,0,0,0,0,0,0,0,0,0,0,0,0,0,0,0,0,1,0,0,0,0,0,0,0,0,0,0,0,0,0,0,0,0,0,0,0,0,0,0,0,25,0,0,0,0,0,0,1,32964,0,12,0,0,0,0
599,TCT,0,0,3,0,0,0,1,1,0,0,0,0,1,0,0,1,2,3,0,1,0,2,2,0,1,0,1,1,3,1,1,2,0,0,0,1,0,3,1,1,0,1,0,0,0,0,0,2,0,1,1,4,1,32,2,32930,0,0,2,4,1,1,3,2
600,GGA,0,0,1,0,0,0,1,0,12,3,2,1,1,0,4,0,0,1,0,0,1,0,0,0,4,1,4,0,0,2,0,0,5,1,1,0,1,1,2,1,32948,6,9,7,3,0,0,1,0,2,0,3,3,0,1,3,0,0,4,0,0,1,1,1
601,AAA,32996,2,0,1,0,1,0,1,3,0,3,0,0,0,0,0,1,0,0,0,0,0,0,0,1,0,0,0,0,0,0,0,0,0,0,0,0,0,0,0,0,0,1,0,0,0,0,0,0,0,0,2,0,0,0,0,1,0,0,0,1,0,1,1
602,CTC,0,0,0,0,1,1,0,0,1,0,0,0,1,4,0,1,0,0,0,0,0,4,0,0,0,0,0,0,8,32985,0,5,0,0,0,0,0,0,0,0,0,0,0,0,1,1,1,0,0,0,0,0,0,0,1,0,1,0,0,0,2,4,4,0
603,ATC,0,1,0,0,0,2,0,0,0,0,0,0,4,32963,0,8,0,0,0,0,0,0,0,0,0,2,0,1,0,0,1,0,1,0,0,0,0,0,0,0,0,0,0,0,0,1,0,0,0,0,0,0,0,0,0,0,0,0,0,0,0,0,0,2
604,TGC,0,0,0,0,0,0,0,0,0,0,0,0,0,0,1,0,0,0,0,0,0,0,0,1,0,1,0,0,0,0,0,0,0,0,0,0,0,0,0,0,0,0,0,0,0,1,0,0,0,22,0,1,0,3,0,0,1,32928,0,31,0,1,0,0
605,ACC,0,2,0,0,3,33006,4,7,0,0,0,0,1,9,0,0,1,0,1,0,0,3,5,0,0,0,1,0,1,2,1,3,1,0,2,0,1,2,4,0,0,0,0,0,0,1,1,0,0,0,0,0,0,0,0,0,0,1,0,1,0,0,3,1
606,ACT,0,0,0,0,2,11,2,33023,0,0,0,2,0,0,0,5,0,0,0,0,0,0,0,0,0,0,0,0,0,0,0,0,0,0,0,0,0,0,0,0,0,0,0,0,0,0,0,0,0,0,0,0,1,0,0,4,0,0,0,0,0,0,0,0
607,AAT,2,1,1,33056,0,2,0,0,0,0,0,1,0,0,0,1,1,0,0,0,0,2,0,1,0,0,0,0,0,0,0,0,0,0,0,1,0,1,0,0,0,1,0,1,0,0,0,4,0,0,0,0,1,0,0,2,0,1,0,1,0,0,1,1
608,GTG,0,0,0,0,0,0,0,1,0,0,0,0,0,1,6,1,0,0,0,0,0,0,0,0,0,0,0,0,1,0,1,1,0,0,0,0,0,0,4,0,0,0,1,0,18,1,33029,1,0,0,0,0,0,0,0,0,0,0,0,0,0,0,1,1
609,CCC,2,0,1,2,0,3,1,1,1,1,2,0,1,2,0,2,0,6,0,3,9,68119,2,17,0,3,0,2,2,1,0,1,0,0,0,1,1,5,0,0,3,1,0,0,0,0,0,1,0,0,0,0,2,48,2,2,0,2,0,0,2,0,1,3
610,TGG,0,0,1,0,0,0,0,0,0,0,3,0,0,0,0,3,0,0,0,0,0,0,0,0,0,0,56,0,0,0,0,0,0,0,0,0,0,0,0,0,0,0,7,0,0,0,0,0,0,0,8,0,0,0,0,0,5,0,68131,2,0,0,1,1
611,AAC,11,68090,5,28,0,0,1,0,0,0,6,3,0,4,4,0,3,0,4,5,0,0,0,0,1,3,1,4,5,0,0,4,1,5,3,5,0,1,3,3,0,0,0,0,2,1,3,2,0,0,0,1,4,4,0,3,1,2,0,1,0,0,4,3
612,TCT,3,0,2,1,3,0,0,2,3,0,0,0,5,4,1,0,0,0,0,1,4,2,1,6,0,0,2,1,2,0,0,0,1,0,0,0,1,0,1,3,2,0,1,0,1,0,1,2,0,7,1,10,4,4,2,68156,0,0,3,5,8,1,2,2
613,AGT,12,4,5,17,5,1,0,3,22,5,5,67844,3,4,9,26,6,4,2,6,0,0,0,1,3,3,4,5,4,3,3,8,3,1,11,5,7,2,0,11,4,3,6,41,7,4,5,6,0,1,1,3,1,2,2,7,0,5,2,16,4,2,8,5
614,TGG,0,0,0,0,0,0,0,0,0,0,1,0,0,0,0,0,0,0,1,0,0,0,0,0,0,0,3,1,0,0,0,0,0,0,0,0,0,0,0,0,0,0,0,0,0,0,0,0,0,0,6,0,0,0,0,0,8,0,68205,0,0,0,2,0
615,AGT,0,0,0,43,1,2,0,2,0,10,1,67936,0,0,1,9,0,0,0,0,0,0,0,0,0,0,0,0,0,2,0,0,1,0,0,0,0,0,0,2,1,1,1,41,3,6,1,1,0,1,0,0,1,0,3,4,0,2,2,3,0,1,0,2
616,AAT,4,4,6,68082,0,4,1,4,1,1,11,1,1,1,1,1,2,1,2,3,2,2,3,2,4,1,0,2,2,2,2,1,1,2,0,5,1,1,0,2,2,2,5,4,1,4,1,3,0,0,0,8,5,3,0,0,0,3,1,3,1,2,4,2
617,AGA,25,0,2,0,1,0,0,0,68104,0,8,2,6,2,4,1,1,0,0,2,0,0,1,0,2,2,1,2,2,0,1,0,0,0,0,0,0,0,1,2,22,0,1,0,4,0,1,0,0,0,0,1,0,0,0,1,0,1,1,2,3,0,0,2
618,AAC,18,67877,6,18,2,3,2,1,12,4,3,5,2,7,3,7,4,3,3,2,5,5,3,4,5,3,2,0,0,7,5,1,1,3,4,0,8,1,4,5,1,6,4,5,2,4,4,7,0,5,0,2,3,4,5,2,1,4,1,2,8,1,5,1
619,CTG,0,0,0,0,2,0,0,3,0,1,1,2,4,3,10,0,3,4,5,3,4,0,24,5,0,2,2,1,16,4,67947,6,1,0,0,0,0,2,4,2,0,0,0,1,2,0,3,3,2,2,0,4,1,0,3,1,0,0,2,4,3,3,12,0
620,AGT,5,2,5,19,1,0,4,1,6,3,9,67601,6,5,3,4,3,6,4,1,1,2,0,4,2,0,4,3,1,0,1,3,1,5,2,2,0,0,3,1,1,1,2,15,2,8,5,5,0,1,0,3,1,0,2,2,0,2,6,6,2,1,4,5
621,GAG,6,0,52,1,7,3,1,4,1,2,3,8,1,2,3,3,3,8,2,1,0,0,0,0,2,2,2,2,2,0,3,6,35,5,67627,12,0,1,10,3,1,6,25,4,6,6,6,7,1,3,2,4,0,4,0,2,0,7,4,4,2,0,2,5
622,ATA,0,0,0,0,5,0,1,0,0,0,0,0,67579,3,9,7,0,0,0,0,0,0,0,0,0,0,0,0,2,2,1,1,0,0,0,0,0,0,0,0,0,0,0,0,6,0,1,4,0,0,0,0,0,0,1,0,1,0,0,0,4,0,1,0
623,TGG,1,0,0,0,0,0,0,0,0,0,6,0,0,0,0,0,2,0,0,0,0,0,0,0,0,0,2,0,1,0,0,0,0,0,0,0,0,0,0,0,0,0,3,0,0,0,0,0,0,1,11,4,0,0,2,0,4,1,68009,5,1,3,5,3
624,GAC,7,34,2,8,6,7,3,5,0,4,3,3,0,3,1,4,4,11,1,3,1,1,0,0,0,9,5,2,4,1,5,4,17,67645,5,18,1,6,2,6,8,12,7,6,3,5,6,4,0,7,0,5,5,7,2,2,0,2,2,2,8,2,1,6
625,AAC,24,67803,5,25,5,9,1,8,9,21,3,6,4,10,6,4,5,6,2,2,0,0,1,0,0,3,2,1,6,3,5,2,1,4,2,2,4,3,2,3,4,8,1,1,11,4,3,8,1,5,0,4,8,2,1,2,0,1,3,2,3,4,3,4
626,ATG,0,0,2,0,2,5,17,2,2,2,7,0,18,6,67845,11,0,0,1,0,0,0,0,0,2,1,1,3,1,3,3,5,0,0,1,0,0,0,1,0,0,0,0,0,1,2,22,1,0,4,0,4,1,0,1,0,0,1,2,6,4,5,5,0
627,ACC,0,9,0,3,17,67900,16,19,2,4,0,8,0,11,0,1,0,0,1,0,0,2,0,0,0,0,0,1,1,0,0,0,0,0,0,0,0,7,0,0,0,0,0,0,2,1,0,0,0,0,1,0,2,4,2,6,0,0,0,0,0,0,0,0
628,TGG,0,0,0,0,0,0,1,0,0,0,4,0,0,0,0,0,0,0,2,0,0,0,0,0,0,0,6,0,0,0,0,0,1,0,0,0,0,0,0,0,0,1,1,0,0,0,0,0,1,0,13,0,0,0,0,0,28,1,67467,0,1,0,0,0
629,CTG,1,0,2,4,0,2,2,1,4,4,5,1,3,7,21,5,1,0,7,2,1,3,13,2,0,5,2,2,89,4,66453,7,0,2,2,0,5,3,3,1,5,6,3,1,5,1,3,1,0,1,0,0,1,1,5,4,0,4,2,3,1,0,36,0
630,CAA,17,3,1,3,0,2,1,4,5,2,2,0,2,3,5,0,66635,5,5,4,0,1,0,0,11,1,0,3,4,2,0,2,9,1,4,4,0,2,4,1,1,1,2,0,3,0,0,1,24,0,0,0,1,3,6,3,0,0,0,0,1,0,0,0
631,TGG,0,0,0,0,0,0,0,0,0,0,1,0,0,0,0,0,0,0,1,0,0,0,0,0,1,0,0,1,0,0,0,0,0,0,0,0,0,0,0,0,0,1,2,0,0,0,2,0,0,0,14,0,2,0,0,0,12,0,67004,0,0,1,3,0
632,GAT,0,4,3,35,4,1,4,4,1,2,0,4,1,0,1,0,4,1,4,0,0,0,0,0,0,0,0,0,1,0,0,0,3,4,1,67746,2,2,2,4,5,7,11,13,4,1,2,0,0,3,0,19,1,3,5,5,0,0,0,1,0,0,3,1
633,AAA,67983,6,11,9,5,1,2,3,24,4,1,0,4,8,10,1,1,5,1,1,0,0,0,0,2,5,4,0,1,2,2,0,16,4,3,4,2,3,5,4,2,3,4,0,3,1,2,3,0,1,0,2,3,3,12,3,2,0,4,0,3,2,5,3
634,GAA,12,4,3,1,2,0,4,2,4,6,0,3,6,2,2,11,2,8,1,7,0,0,0,0,0,0,1,1,3,1,1,5,67901,2,3,4,3,1,1,0,0,0,0,0,14,4,12,6,1,4,3,1,4,0,5,4,1,0,2,7,5,1,4,3
635,ATT,2,0,0,3,0,0,0,6,0,0,0,0,3,10,4,67925,0,0,0,1,0,1,0,0,0,0,1,0,0,0,4,8,0,0,0,0,0,0,0,0,0,0,0,0,1,3,0,2,0,0,1,1,0,0,0,0,0,0,0,0,5,0,3,4
636,AGC,1,25,3,5,3,2,0,1,17,67659,3,59,2,8,1,1,2,1,3,0,0,0,0,0,1,2,4,1,1,4,1,0,1,3,3,1,1,4,4,0,1,40,4,17,1,2,5,3,0,2,0,3,1,0,1,5,2,6,4,8,3,2,4,6
637,AAT,11,1,7,67802,0,2,1,2,0,2,1,0,0,3,0,3,2,1,4,0,0,0,0,0,0,0,1,1,4,3,2,0,3,0,1,8,2,0,1,3,1,1,0,4,2,2,2,6,0,1,1,3,3,1,1,2,0,4,0,0,1,1,2,1
638,TAC,5,10,8,9,1,0,0,1,3,3,2,3,2,3,4,4,1,12,4,8,0,0,0,0,1,3,1,4,2,0,2,0,2,0,1,0,3,2,2,1,1,1,0,0,1,2,0,3,3,67586,2,33,6,5,6,1,0,9,1,0,8,4,1,5
639,ACA,13,1,1,1,67688,3,11,0,2,1,3,0,22,4,1,1,0,2,0,1,0,1,0,0,5,1,4,6,0,1,2,3,0,0,1,0,2,1,1,0,1,0,0,0,9,2,2,1,0,1,0,1,4,1,3,0,0,1,1,1,1,2,4,1
640,CAG,0,1,9,0,1,1,0,2,1,1,1,2,1,1,3,0,23,2,67346,10,0,0,0,2,1,2,12,0,2,1,8,1,0,0,3,0,0,2,0,1,2,2,8,8,0,1,1,2,1,0,8,3,1,0,2,1,0,2,0,2,3,1,3,1
641,ATA,8,7,2,6,7,1,4,1,2,4,2,3,66747,0,20,3,0,3,0,2,0,0,0,0,2,1,1,0,1,0,0,1,1,0,2,0,0,0,1,3,6,1,3,3,2,1,1,6,0,1,0,1,5,1,4,7,0,0,2,1,2,0,3,1
642,ATA,4,0,0,1,4,0,0,0,0,0,0,0,66533,3,3,11,0,0,0,0,0,0,0,0,0,0,0,0,0,0,0,0,0,0,0,0,0,0,0,0,0,0,0,0,3,0,1,0,0,0,0,0,1,0,0,0,0,0,0,0,0,0,0,0
643,TAT,0,0,1,1,0,0,1,0,0,2,0,0,0,0,1,1,2,0,0,2,0,0,0,0,0,0,0,0,3,1,0,0,0,0,0,0,0,0,0,1,0,0,1,0,1,0,0,0,8,7,0,65869,0,0,0,0,1,1,1,4,0,0,1,4
644,GGG,2,4,3,0,1,1,1,0,2,0,18,3,0,0,5,0,3,0,3,0,0,0,0,1,3,0,4,2,4,0,2,0,0,1,24,2,0,0,3,5,39,3,62940,7,1,1,11,1,0,4,0,4,1,0,5,1,0,0,13,0,2,3,3,4
645,CTA,4,0,1,1,1,1,1,0,3,1,0,0,5,0,7,1,7,5,2,1,5,0,0,0,3,1,0,0,63765,0,5,0,0,0,0,0,1,0,3,3,0,0,1,0,3,1,3,0,0,5,0,4,2,0,0,1,0,0,1,0,11,2,6,1
646,CTT,0,0,0,0,0,2,0,0,0,0,0,0,0,2,4,7,0,1,0,1,0,0,0,6,0,0,0,1,3,22,3,63463,0,2,0,0,0,0,0,1,0,0,0,0,3,0,2,8,0,0,0,0,0,0,0,0,0,0,0,0,1,0,4,4
647,GAA,7,0,0,0,2,0,0,0,0,0,1,0,1,0,0,0,6,0,0,0,0,0,0,0,0,1,0,0,0,2,1,1,65505,9,31,5,0,0,1,0,25,4,3,7,0,0,0,0,2,6,1,3,2,1,0,2,0,2,0,0,0,2,1,1
648,GAA,15,0,2,2,4,2,2,4,0,1,3,3,3,3,3,2,2,2,1,1,0,0,0,0,0,4,3,1,4,1,2,6,65520,7,5,4,3,1,2,2,5,1,1,0,4,6,6,1,0,5,0,4,1,4,0,1,2,6,5,4,3,6,3,4
649,TCG,3,0,3,2,1,2,2,0,4,0,5,3,1,1,3,0,4,5,3,0,0,0,1,0,6,4,4,4,3,3,1,1,5,5,4,4,1,2,4,5,1,0,2,0,0,0,3,1,0,2,1,3,111,5,58894,9,0,0,4,0,1,2,20,11
650,CAG,0,0,4,0,0,0,0,0,0,0,0,0,0,0,0,0,35,0,62057,1,0,0,1,0,0,0,38,0,0,0,2,0,0,0,4,0,0,0,0,0,0,0,2,0,0,0,0,0,0,1,17,4,0,0,0,0,0,0,1,0,2,4,0,3
651,AAC,1,63668,3,19,1,1,0,0,0,0,0,0,0,1,0,0,0,0,0,0,0,0,0,0,0,0,0,0,1,2,0,1,0,1,0,0,0,1,0,0,0,2,0,0,0,2,0,1,0,0,0,0,0,0,0,0,0,0,0,0,2,1,1,0
652,CAG,3,0,7,0,0,1,3,2,0,2,0,0,1,0,4,4,33,2,57277,3,0,0,0,0,2,0,12,1,4,0,3,1,1,0,4,1,3,1,2,1,0,1,1,1,2,0,1,1,0,1,5,1,3,0,1,2,0,0,1,1,4,3,1,2
653,CAG,0,2,3,1,0,0,0,0,0,1,0,0,0,3,0,1,16,3,59080,1,0,0,0,0,0,0,14,1,1,0,1,0,0,0,1,0,0,1,1,0,0,0,0,0,0,0,1,0,1,0,73,0,0,0,0,1,0,0,0,0,2,0,1,0
654,GAA,8,0,0,1,0,0,0,0,0,0,0,0,1,0,2,0,2,0,0,0,0,0,0,0,0,1,1,0,0,0,0,0,59000,0,7,1,0,1,1,0,1,0,0,0,0,0,0,0,1,0,0,0,0,0,0,1,0,0,0,0,0,0,0,0
655,AAG,20,1,60366,1,1,0,3,1,48,1,49,1,5,0,2,2,1,3,2,0,0,0,0,0,2,0,1,1,0,0,0,1,0,0,2,0,0,1,2,1,0,0,1,0,1,1,0,2,0,0,1,1,0,1,0,3,0,0,1,0,2,0,1,1
656,AAT,1,2,0,59763,0,3,1,3,0,2,2,3,0,0,31,1,1,2,2,3,0,0,0,0,3,3,0,1,0,0,0,1,3,2,2,18,6,2,5,2,1,0,0,1,0,0,2,0,0,2,0,1,0,0,4,0,0,2,0,4,1,0,0,0
657,GAA,20,35,0,1,2,0,0,0,0,0,0,0,2,2,4,2,0,0,1,0,0,0,0,0,0,0,0,0,1,2,3,2,59382,1,6,1,0,0,2,1,2,0,0,0,5,0,3,4,0,1,0,2,1,1,1,1,1,0,1,0,3,3,2,9
658,CAA,4,0,41,0,1,0,0,0,0,0,0,0,0,2,2,0,59485,2,7,3,0,0,0,0,1,1,0,0,3,4,3,3,4,0,1,0,1,0,0,1,0,0,0,0,1,0,1,0,4,0,0,3,0,0,0,0,0,1,1,0,2,3,6,6
659,GAC,1,9,0,0,0,0,1,24,3,0,0,0,0,0,2,0,2,1,0,0,0,0,0,0,0,0,0,0,0,0,1,0,20,47926,2,16,2,0,0,0,2,0,0,1,5,3,1,7,0,2,2,0,0,1,2,1,0,0,0,0,0,0,0,1
660,TTA,0,0,0,0,0,0,0,0,0,0,1,0,9,1,1,1,0,0,0,1,0,2,0,0,0,0,0,0,10,2,0,4,0,0,0,0,0,0,0,1,0,0,0,0,0,1,0,3,1,0,0,0,3,0,0,0,0,0,0,0,63147,0,3,0
661,TTG,0,0,0,0,0,0,0,0,0,2,0,0,0,0,5,0,1,0,0,0,0,0,1,0,0,0,0,0,3,4,3,2,0,0,1,0,0,0,0,0,0,0,0,0,2,0,1,0,0,0,0,2,0,0,1,1,0,0,0,0,13,1,63994,7
662,GCA,3,0,2,0,58,1,0,2,0,1,0,1,0,0,0,0,0,0,1,0,0,0,0,0,0,0,0,0,2,0,0,0,0,0,2,0,63346,1,3,8,2,0,0,4,31,0,1,1,0,0,0,1,5,0,2,1,0,2,0,2,0,0,0,0
663,TTG,0,0,0,0,0,0,2,0,1,0,0,0,0,0,3,1,0,0,0,0,1,0,0,1,1,0,0,0,3,1,7,0,0,0,0,0,0,0,0,1,0,1,0,1,0,0,0,0,0,0,0,0,0,1,6,0,0,2,6,0,15,6,64886,18
664,GAT,2,4,1,20,2,2,2,3,0,8,0,4,0,0,0,0,3,2,3,1,1,0,0,0,0,0,0,2,0,0,0,0,5,7,4,64007,2,1,7,7,14,11,8,24,0,0,1,1,0,3,0,7,1,8,4,5,0,0,2,0,0,0,0,1
665,AAG,24,5,64633,5,0,1,13,1,2,1,23,5,1,2,10,1,3,3,0,0,0,1,0,0,1,0,2,4,0,1,0,0,4,0,20,0,5,2,1,0,1,2,0,0,0,1,1,1,2,5,2,0,2,2,1,0,0,1,0,1,1,1,0,1
666,TGG,0,0,0,0,0,0,1,0,0,0,2,0,1,0,0,1,0,0,0,0,0,0,0,0,0,0,2,0,0,0,1,0,0,0,0,0,0,0,0,0,0,0,1,0,1,0,3,2,0,0,12,0,0,0,0,0,8,1,62550,0,0,3,11,1
667,GCA,2,1,1,11,49,0,2,0,3,5,3,0,0,8,5,1,3,3,1,4,1,0,0,0,1,1,3,1,1,0,0,2,3,1,0,4,61925,3,4,2,6,5,1,2,63,1,1,4,1,1,0,4,8,2,2,2,1,1,2,2,1,1,0,2
668,AGT,0,2,1,11,0,1,1,4,0,7,0,65978,1,3,4,1,0,1,0,1,0,0,0,0,0,0,2,1,2,0,1,0,0,1,0,5,2,0,0,3,1,1,5,8,1,0,4,2,1,1,0,0,2,2,5,4,0,1,1,1,0,1,1,2
669,CTG,0,0,0,0,0,0,0,1,0,0,0,0,0,0,5,0,0,3,1,0,0,0,18,0,0,0,0,1,46,1,64940,8,0,0,0,0,1,0,0,1,1,0,0,0,0,1,0,0,2,0,0,0,0,0,0,0,0,0,0,0,3,0,10,1
670,TGG,0,0,0,2,0,0,0,1,0,0,2,0,0,0,4,2,0,0,0,0,0,0,0,0,1,0,14,0,1,0,0,0,0,0,0,1,0,0,0,0,0,1,0,1,0,0,0,0,1,2,9,1,0,0,0,0,7,2,64996,3,2,0,0,2
671,AAT,2,11,0,67356,1,2,0,0,1,0,0,7,0,0,1,4,0,0,0,1,0,0,0,1,0,0,0,1,0,1,1,0,1,0,1,6,0,0,0,0,1,0,2,0,0,3,4,2,1,1,0,1,1,1,2,2,0,1,1,0,2,1,1,2
672,TGG,0,0,0,0,0,0,0,0,0,0,3,0,0,1,1,1,0,0,0,0,0,0,0,0,0,0,1,0,0,0,3,0,0,0,0,0,2,0,0,0,0,0,1,2,1,0,2,0,0,0,3,0,2,0,0,0,7,4,67371,5,0,0,7,0
673,TTT,0,0,1,2,0,0,0,0,0,0,0,0,2,0,0,0,0,0,0,1,0,0,0,0,1,0,2,1,1,0,1,4,0,0,0,0,0,0,1,0,0,0,0,0,0,2,0,0,0,1,0,2,1,0,0,5,0,0,2,0,1,10,3,67376
674,GAC,1,12,2,0,2,2,1,2,0,0,0,1,2,0,2,0,2,4,1,4,0,0,0,0,0,0,2,2,0,0,0,0,16,67545,5,18,1,7,0,7,0,13,1,0,0,3,0,0,0,5,0,0,2,0,0,2,0,1,0,1,0,0,0,0
675,ATA,2,2,1,0,14,0,0,0,0,0,0,0,68041,0,4,4,0,0,0,0,0,0,0,0,1,0,0,0,0,0,0,3,0,0,0,0,0,0,0,0,0,0,0,0,1,2,0,0,0,0,0,0,0,0,0,0,0,0,0,0,2,0,0,1
676,TCA,0,0,0,0,3,0,4,1,0,1,1,1,4,2,0,2,0,0,0,0,6,0,0,0,0,0,0,0,0,3,0,0,0,1,1,0,0,1,2,2,0,0,0,0,2,4,8,2,1,1,0,0,67494,2,10,0,0,1,0,0,5,0,1,0
677,AAC,8,68166,2,10,1,0,1,0,0,5,2,1,1,2,1,0,4,1,0,2,0,0,0,0,1,0,1,0,1,0,1,0,0,3,0,0,0,0,0,2,0,0,0,0,1,0,1,1,0,0,0,0,1,0,0,3,0,0,0,1,1,0,2,0
678,TGG,0,0,0,0,1,0,0,0,0,1,1,0,0,0,0,0,0,0,0,0,0,0,0,0,0,0,2,0,0,0,0,0,0,0,1,0,0,0,1,0,0,0,0,0,0,0,1,0,0,1,7,0,0,0,0,0,25,0,68105,3,0,1,1,0
679,CTG,0,0,0,0,0,0,0,0,0,0,0,0,0,0,5,0,1,0,0,0,0,0,2,0,0,0,1,0,15,2,67324,5,0,0,0,0,0,0,0,0,0,0,0,0,0,0,0,0,0,0,0,0,0,1,0,0,0,1,0,0,0,0,34,0
680,TGG,0,0,0,1,0,0,0,0,0,1,1,0,0,0,0,2,0,0,0,1,0,0,0,0,0,0,0,0,0,0,0,0,0,0,0,0,0,0,0,0,0,0,1,0,0,0,1,0,0,0,5,0,0,0,0,0,19,1,67484,2,0,0,0,0
681,TAT,0,0,0,0,0,0,0,1,0,0,0,0,0,0,1,0,0,1,0,7,0,0,0,0,0,0,0,0,0,0,0,0,0,0,0,0,0,0,0,0,0,0,0,0,0,0,0,0,0,17,4,68284,0,0,0,0,0,0,0,5,0,2,0,0
682,ATA,0,1,1,1,11,1,2,1,0,1,0,2,68138,3,3,2,0,0,0,0,0,0,0,0,0,0,0,0,1,0,0,0,1,0,0,1,0,0,0,0,0,0,0,0,1,0,0,0,2,0,0,0,1,1,0,1,0,0,0,1,2,0,0,1
683,AAA,68187,0,0,3,1,0,0,0,4,0,0,0,0,0,0,0,0,0,2,0,0,0,0,0,5,0,2,0,0,0,0,0,1,0,0,0,0,0,0,0,0,0,0,0,0,0,0,0,0,0,0,0,0,0,0,0,0,1,0,0,0,0,0,0
684,ATA,1,0,0,4,2,0,0,0,3,0,0,5,68139,0,6,12,0,2,0,0,0,0,0,0,1,0,1,0,1,0,0,2,0,0,1,0,1,0,1,0,0,0,0,0,5,0,0,0,0,0,0,0,0,0,2,1,0,0,0,0,21,0,0,1
685,TTT,0,0,0,0,0,0,0,0,0,0,0,0,0,0,0,2,0,0,0,0,0,0,0,0,0,0,0,0,0,0,0,5,0,0,0,0,0,0,0,0,0,0,0,0,0,0,0,0,0,0,0,1,0,1,0,1,0,0,1,1,1,6,0,68255
686,ATA,0,1,0,0,4,0,2,0,0,0,0,0,68105,2,6,2,0,0,0,3,0,0,0,0,0,0,0,0,1,1,1,2,0,0,0,0,0,1,0,1,0,0,0,1,7,1,1,0,0,1,0,0,0,0,0,0,0,0,1,1,2,0,0,0
687,ATG,0,1,2,1,1,0,2,0,0,0,0,1,19,2,68154,16,1,0,0,2,0,0,0,0,0,0,0,0,0,0,3,2,0,1,1,0,0,0,0,2,0,0,0,0,1,1,3,1,0,2,0,0,0,0,0,0,0,3,0,0,1,0,2,0
688,ATA,2,0,0,0,5,0,0,0,0,0,0,0,67902,2,39,7,0,0,1,0,0,0,0,0,0,0,0,0,2,1,0,1,0,0,0,0,1,0,3,1,0,0,0,3,4,0,2,1,1,0,0,2,0,1,0,0,0,0,0,3,8,2,0,0
689,GTA,0,0,0,0,1,1,2,1,0,0,0,0,32,0,0,0,0,0,0,0,0,0,0,0,0,0,0,0,4,0,1,3,1,0,0,0,2,0,0,2,0,1,0,0,68143,0,27,2,0,0,0,1,3,1,0,1,0,0,1,1,5,0,2,1
690,GGA,0,0,0,0,2,1,0,0,3,0,0,1,0,1,0,0,0,0,0,0,0,0,1,0,0,0,0,0,0,1,0,0,12,0,1,0,2,3,1,0,68103,1,24,0,2,1,0,0,0,0,0,1,0,1,0,1,3,0,0,0,0,0,0,0
691,GGC,0,1,0,0,0,3,1,1,0,12,0,0,0,1,0,1,0,1,0,3,0,2,2,0,0,0,0,0,0,0,0,0,0,14,0,2,1,2,0,0,10,67950,3,21,0,8,0,1,0,0,0,2,0,0,0,1,0,6,2,1,0,0,0,0
692,TTA,1,0,0,0,5,0,0,2,1,0,0,3,8,1,1,1,2,0,2,0,0,0,0,0,0,0,0,0,15,1,3,0,1,0,0,0,3,0,0,1,1,0,1,7,5,1,3,8,2,8,0,3,27,5,1,2,0,1,1,3,67896,0,8,5
693,ATA,1,0,0,0,8,3,1,3,1,0,0,1,68164,1,24,5,0,0,4,0,0,0,0,0,0,0,0,0,2,1,2,0,0,0,0,0,2,2,1,1,0,0,4,1,4,0,0,1,0,1,0,2,5,1,0,1,1,0,1,1,5,3,3,6
694,GGA,0,0,0,0,2,1,3,0,13,1,0,2,1,1,0,2,1,0,3,0,0,2,1,0,0,1,0,0,3,1,0,3,7,0,0,0,3,0,1,0,68140,1,3,3,9,3,0,3,0,3,0,0,2,2,0,1,7,0,0,4,2,4,0,2
695,TTA,1,0,0,2,2,2,1,4,0,2,0,4,9,6,0,4,2,1,2,1,3,1,1,1,0,0,0,0,5,0,2,1,3,1,1,0,3,5,1,7,3,9,7,3,1,2,1,3,1,4,0,11,7,1,4,5,0,3,4,7,68086,1,14,6
696,AGA,26,1,2,0,2,0,2,1,68108,0,7,0,11,2,0,1,0,6,2,3,1,1,0,2,1,4,5,5,3,1,0,0,2,0,0,0,2,1,1,2,6,1,0,1,0,1,0,0,0,2,0,3,0,0,0,0,0,1,0,2,2,1,1,5
697,ATA,0,0,0,0,2,3,1,1,0,1,0,0,68217,6,16,2,0,0,0,0,0,0,0,0,0,0,0,0,4,0,4,4,0,0,0,0,1,3,2,0,1,3,1,3,4,1,0,3,0,0,0,0,2,1,0,5,0,4,4,1,4,1,7,8
698,GTT,0,0,1,1,1,0,0,2,0,5,0,4,1,3,2,18,0,1,1,2,2,1,2,5,0,0,0,0,2,3,2,7,1,0,0,0,2,2,2,10,1,1,4,2,8,8,0,68181,0,1,0,4,2,3,4,1,0,1,0,3,0,4,1,13
699,TTT,2,0,0,3,1,3,1,3,0,2,2,0,0,2,0,0,2,2,0,0,2,0,1,0,1,2,1,3,1,0,1,7,1,1,1,0,1,2,1,0,2,1,4,3,0,0,1,1,0,4,0,2,1,1,0,0,0,3,3,5,5,2,1,68239
700,GCT,2,0,1,1,1,0,2,20,0,0,0,0,0,2,0,3,1,0,1,1,0,0,0,1,0,0,0,0,0,0,2,2,1,2,0,8,8,31,3,67999,3,0,1,1,3,1,0,63,0,2,0,2,0,2,1,5,0,0,3,0,0,1,2,3
701,GTG,2,0,0,0,1,5,1,0,0,0,0,1,0,1,39,2,0,2,0,0,0,0,0,0,0,0,0,0,0,0,1,1,0,0,1,0,3,0,4,2,0,1,0,2,47,3,68069,9,0,0,0,0,0,1,0,1,0,1,1,1,4,0,12,1
702,CTT,0,0,1,1,4,1,0,4,0,1,1,2,1,0,2,10,2,1,1,3,1,2,5,10,3,1,3,1,4,5,1,68209,0,3,1,1,1,1,2,1,0,0,1,0,0,1,1,1,0,2,0,0,1,1,0,0,0,2,1,2,0,2,0,22
