site,abs_diffsel,positive_diffsel,negative_diffsel,max_diffsel,min_diffsel
671,57.18354967487988,55.18174542128062,-2.0018042535992646,5.959985814903493,-1.7804735268335514
673,56.97777606129562,56.290544593474145,-0.6872314678214805,4.845000119887787,-0.4548119445789641
672,42.21126155333545,41.964202798872016,-0.24705875446343123,4.169366111687006,-0.24705875446343123
412,30.51627706623036,7.929400847001123,-22.586876219229232,2.689791926097297,-3.018394848783794
624,29.087960792736602,2.220553184309474,-26.86740760842713,2.1786020533271464,-2.489663930296074
680,28.785518364616703,28.05326774494859,-0.73225061966811,4.166508207150769,-0.477321520502279
408,28.24468295071612,8.83512045197972,-19.4095624987364,2.181525835368952,-3.350341566957244
406,27.346728420264025,2.8109573860275745,-24.53577103423645,1.1699130308038916,-2.6009316025887133
613,27.305198230306726,5.776954618534536,-21.528243611772186,1.5225249737630855,-2.8207850562438423
403,26.817193497724602,7.963152094784204,-18.8540414029404,3.202997604721948,-2.2014309065424507
323,26.66727343924682,4.521321140197378,-22.145952299049444,3.068164279941401,-2.6331574319685633
409,26.058001596557148,10.635567822272892,-15.422433774284254,2.828786974927046,-2.885117720682241
399,26.02802852459219,3.708585430794979,-22.31944309379721,1.838611495734852,-2.322982852690589
394,25.755617871810585,9.752709687444712,-16.002908184365875,2.329185662117201,-2.2708808865832837
620,25.47022466733756,14.936900194607546,-10.533324472730017,2.4277311934279036,-1.5781975777539625
325,24.704000439743393,10.284987470293345,-14.419012969450051,2.6283448957766105,-2.6760805400868124
340,24.5086687267885,2.3953197580492898,-22.113348968739214,1.4886043494685768,-2.586579154972714
411,24.476977890889007,3.181248095640587,-21.295729795248416,2.060522719301775,-2.3226930005151742
407,23.894522822661,5.7002063957154805,-18.19431642694552,1.8277714104797043,-2.484746399300006
401,23.46125656482845,11.378878290870354,-12.082378273958096,2.6364839262410995,-2.1549831537541833
397,23.3230264131432,3.123154162959641,-20.199872250183557,1.764560566142366,-2.2953889032356454
404,22.949211546186064,7.136689546589313,-15.812521999596754,2.0720125841786996,-2.130222462137028
130,22.424356354634465,8.054771782674973,-14.369584571959491,2.5212014406739582,-2.463909604403036
636,22.083893843379904,15.494632044700912,-6.589261798678988,2.623587295857497,-1.7392005899409304
621,21.927712228180578,3.6494951691480555,-18.278217059032524,1.8737677938730344,-2.0706677333134245
648,21.58760453452223,12.12323016281554,-9.464374371706695,2.6905621226432643,-1.9931599959766362
410,21.45214295487084,6.704003578447963,-14.748139376422875,2.5263153908057445,-2.0700549788467244
676,21.28065112335581,17.700029208539778,-3.5806219148160348,3.0561160089462316,-2.06643027170566
698,21.27148336306636,8.385880675430245,-12.885602687636114,2.290581442429973,-2.4002933208330934
667,20.648657029690735,7.983625378091912,-12.665031651598824,3.4014572164282906,-2.210396456154634
696,20.524402105993197,11.541421981653112,-8.98298012434008,3.3714053589425745,-1.7010730195910244
351,20.505313038088964,3.5959785017335797,-16.909334536355384,2.05878579232596,-2.0709145517319674
616,20.407079606356017,4.42594534029147,-15.981134266064549,2.1939516611823153,-1.7662148180239552
618,20.278382059663002,6.1388423102584255,-14.13953974940458,1.9601758569323862,-2.1379991536055325
638,20.277441896347277,7.540774796180148,-12.73666710016713,2.8700403759294613,-2.5353826511935718
343,20.21145872923052,10.532669922783326,-9.678788806447193,2.7325124003719026,-2.44562999714541
402,20.170726973312664,3.805926623315406,-16.364800349997253,1.241055340870545,-2.6327071235414827
632,20.15693865487548,3.62371020922362,-16.533228445651854,1.8993308542143241,-2.7547152784762177
341,20.12690712396346,4.682972809998546,-15.443934313964913,1.8112715965723294,-2.765419286957962
609,20.113769478091914,17.315027704404642,-2.798741773687272,2.813320578837166,-0.6724725394679105
330,19.940923080435475,6.596150538570401,-13.344772541865074,2.9498241701165737,-2.7489303920699606
326,19.826000743688425,4.978763802970426,-14.847236940718002,2.324852712400851,-3.071081823101474
639,19.753302485097187,11.499411231163297,-8.253891253933892,3.176755070874516,-2.3426053837393623
695,19.705379105746093,13.719966223631143,-5.985412882114947,3.2595437703761605,-2.4283877108935616
138,19.524463095501066,8.022062009655286,-11.50240108584578,2.711478398402661,-1.898593486343764
625,19.452622005240976,7.524528918955819,-11.928093086285156,1.8303649862024962,-2.6321513875095723
49,19.423478865264595,4.995748802814722,-14.427730062449877,1.709564784466396,-1.8491441511524493
186,19.371750385332227,9.663134931958378,-9.70861545337385,2.446565825571928,-1.9779677744893638
135,19.355683250807996,4.005417505216892,-15.350265745591104,1.2597324601907396,-1.8567663586660774
641,19.254297629079044,2.554465258540668,-16.699832370538378,1.7048172062272178,-2.5376096374784733
396,19.207384914348015,0.0,-19.207384914348015,0.0,-2.323663367360092
337,19.183108216003546,5.264163193127066,-13.918945022876485,1.7874068575037687,-1.7614638416062398
611,19.075744781565803,1.625203732870893,-17.450541048694912,1.625203732870893,-2.0018993140177304
363,18.89947812846804,6.100395354604636,-12.799082773863406,2.4325467693744187,-1.4851995841664904
629,18.81734992596334,3.4270833852643796,-15.390266540698963,2.132658412848704,-2.1682246704230237
133,18.658360056608483,3.006591128820613,-15.65176892778787,1.8176445414273372,-1.848773976649374
308,18.620385574800206,7.470877347739062,-11.149508227061144,2.2925022759785616,-2.5481309608272644
33,18.594609300960347,9.38599261213814,-9.208616688822211,2.0859775015698707,-1.9161923431229253
141,18.444233637784105,3.3744000747776255,-15.06983356300648,1.8893110627635927,-2.1177168639259323
683,18.41729407782149,15.483837930129106,-2.9334561476923895,5.093431752646629,-1.4904350691085466
188,18.385269483293214,6.1506558037104115,-12.2346136795828,2.444740693195528,-1.5848743942731267
334,18.153215463658544,4.5978537471744385,-13.555361716484107,2.7990846572750905,-2.130752973501352
612,17.95387130034666,8.905178052802166,-9.048693247544495,1.7152837979202231,-2.054942230572293
214,17.908760579786325,8.247852038898518,-9.660908540887807,3.452403263381748,-1.6336015889787512
356,17.89647594056974,6.84052600749748,-11.05594993307226,2.266469317998936,-2.3003157543069923
229,17.823589901615208,2.276230346983994,-15.547359554631216,2.087157230837512,-2.265672373713186
137,17.676562008739886,11.088879125329074,-6.587682883410816,2.563088038276366,-1.8467021124645595
360,17.620640469275525,6.457230413874051,-11.163410055401474,2.433666761921422,-1.9903079625403701
207,17.577812783308946,6.822939192285294,-10.754873591023653,1.6897568007511756,-2.765362369165376
344,17.569809819306176,6.374814559180162,-11.194995260126014,2.088279737195318,-2.003390461850573
355,17.565430978492486,6.1567593161842264,-11.40867166230826,2.3809395897149392,-1.9808836635089384
668,17.548329487777103,6.035192922600113,-11.513136565176989,2.3857989743365753,-1.9094659590472733
32,17.479156177884782,9.844253935380415,-7.634902242504367,2.040045968371383,-1.5829276693346914
664,17.369374631043502,2.949101967854822,-14.420272663188683,1.8284227303461,-2.809311948226967
619,17.35373460691338,7.15744756959176,-10.196287037321625,2.549767199148093,-1.3768413881256918
321,17.33362911972755,8.579601760357704,-8.754027359369847,2.29668255023356,-1.9577882478240118
328,17.25129672041343,5.6448408014919655,-11.606455918921462,1.9468671596397122,-2.2608824399978613
373,17.218549752449086,6.135495276345554,-11.083054476103529,1.8635749531374055,-2.3781171248310367
290,17.132277526778893,8.055361435295282,-9.076916091483614,3.867553773958157,-1.8309877157423866
633,17.121312186388494,5.126917047356407,-11.994395139032086,1.9291244359726536,-1.983859386949299
398,17.08339444920747,7.848947917042223,-9.234446532165247,2.520014729044636,-2.068865540643556
187,17.07634855207953,5.166667231350557,-11.909681320728973,2.5551218144413466,-2.5463915488274553
358,17.074587501874806,7.265391047929596,-9.809196453945207,2.312130140484077,-1.764919587017497
354,17.028792386692754,2.767358674309403,-14.26143371238335,1.9317460973928797,-2.1170092880553915
339,16.983190358169615,2.5133966621070893,-14.469793696062526,1.4922573854713796,-1.699310223898275
389,16.946634338509945,7.228910804386105,-9.71772353412384,2.672947701407682,-2.6320030191352437
348,16.901089584024394,5.051840728983762,-11.849248855040631,3.5408393408772163,-2.089770482966081
372,16.878495730141463,8.48215796273666,-8.3963377674048,2.6294486423726973,-2.047865382169393
699,16.867746555365198,9.886023281931385,-6.981723273433811,2.024605951218169,-1.5836156497675637
637,16.857293318372456,7.81910420389604,-9.038189114476417,1.721917188910144,-2.2007193702709005
151,16.83622837424674,7.0556705498698955,-9.780557824376844,2.259174313736185,-1.7899637067705059
649,16.79671030352808,4.265452110764038,-12.531258192764044,1.5645462032545079,-1.8480915982471562
369,16.612566461645073,4.646418802515041,-11.966147659130035,1.3370433164729008,-2.89039265036685
184e,16.564166972141795,9.29842055549544,-7.265746416646352,2.4154547696279955,-2.114751588471356
630,16.48954468883653,3.0417910317766035,-13.447753657059925,1.5325507315524758,-2.000669819539271
335,16.476297230206193,7.551609182649745,-8.924688047556447,3.190216213765187,-1.3766631763298651
674,16.457314646338435,7.558623530428065,-8.898691115910367,1.8398450858972315,-1.9989920288210299
318,16.44933305066955,3.7542249539974386,-12.695108096672111,1.744308158890677,-2.000591118353216
347,16.410443737195216,1.7143466802387994,-14.696097056956415,0.8463775383714804,-1.8486281186123787
234,16.335146766515248,7.546321167008297,-8.788825599506952,2.0013613926491667,-2.105456291210551
392,16.14043802366084,1.8644092651827906,-14.276028758478049,1.8644092651827906,-2.2995779982584255
306,16.13375682592112,4.64935945718333,-11.484397368737788,1.762682514310345,-1.8820822950669445
230,15.998539163770143,6.293445865013267,-9.705093298756879,1.88473306275165,-2.573144582275989
702,15.953587351458486,4.916099498960564,-11.037487852497922,2.700320045194333,-1.5935158698110845
171,15.930633690239837,4.733340429249577,-11.19729326099026,2.0619937623744917,-1.5768552821752666
682,15.910628779053143,13.774267965176284,-2.136360813876859,2.625245315660626,-1.1343439365722088
184f,15.889928299280575,3.764049148342496,-12.125879150938077,1.9993431495785168,-1.848217092891074
405,15.82392509305509,4.538420188654089,-11.285504904401003,2.422883738346897,-1.9257926997484416
304,15.817860916557642,3.422381437833976,-12.395479478723667,1.3801840875957985,-2.322684338215044
295,15.816348823600645,3.7955250841687524,-12.020823739431894,1.2977038926146354,-1.9267425162862473
293,15.810860141024152,7.000154088882297,-8.810706052141855,2.2355492000332866,-1.9258453109432003
643,15.778737830600207,11.630149632928436,-4.14858819767177,3.639568714961608,-0.9973923623110021
57,15.744275824829844,4.71709315647006,-11.027182668359783,1.4784231856951018,-1.512285477463926
336,15.719016272868911,3.2674402724958433,-12.451576000373068,2.46158522297472,-1.5076669898563422
216,15.602486881712169,4.422392742168169,-11.180094139544,1.9065297373676553,-1.8521993282574
332,15.573483689920785,7.736081949010934,-7.8374017409098515,2.9504697120794146,-1.2622355078134322
316,15.442632157661453,4.936688940527547,-10.505943217133908,1.6029077089934327,-1.529329408725154
665,15.388203093853797,2.1844877631061683,-13.203715330747627,1.3646928759747783,-1.6790913978570758
140,15.36427647076034,4.0995358978628635,-11.264740572897477,1.6673963310674547,-1.5852043207610773
132,15.255124292102412,3.264730150645232,-11.990394141457177,1.6704410624883117,-1.9994318934631687
352,15.254376958134229,0.5654476601836151,-14.688929297950613,0.5654476601836151,-1.4413151051552393
240,15.251513118545006,7.0815007599814175,-8.170012358563584,1.8597507085156861,-1.6757234979049533
634,15.223949516265392,6.903623638462854,-8.320325877802539,2.485152490488038,-1.998895671781454
375,15.072360899508103,6.685072255707471,-8.387288643800632,3.058867360810787,-2.0155455119571304
594,15.050070872763678,2.069761722567696,-12.98030915019598,1.2404658724113944,-1.9152257000405077
679,14.895844151051108,13.804148522721622,-1.0916956283294887,2.947995234299236,-0.5713457836144273
590,14.84956444653704,10.483192496012087,-4.366371950524954,2.6150427707794206,-1.1330937725559416
221,14.735953689617205,4.371056936225732,-10.364896753391474,1.7816547726528122,-2.069382989152215
185,14.729890536867757,2.394197722693387,-12.335692814174372,1.250770125695833,-2.2023919554529536
645,14.719052110707764,2.3593030485970403,-12.359749062110726,1.4785151232548452,-1.4862689756992198
110,14.675200558286516,1.1640630855891858,-13.51113747269733,1.1640630855891858,-2.095357085465332
252,14.643332019838937,1.4137647786193326,-13.229567241219605,1.045544499788728,-2.220332620512161
374,14.619377787652484,2.0685002250687856,-12.550877562583699,1.1615193355838551,-2.07111096650925
208,14.617832238119712,2.5551675140491987,-12.062664724070514,2.2570915154704045,-3.0991888712523745
652,14.612743540082867,3.1327373648821975,-11.480006175200671,1.387329835976793,-1.6740038368339731
31,14.490986727578612,5.370458852615086,-9.120527874963528,1.827896792238576,-2.0859470306862384
236,14.447544704815925,5.298314522539667,-9.149230182276256,2.310943457960663,-1.5769976598161
684,14.438681011693529,8.574349838532859,-5.86433117316067,2.4079429267109753,-1.3775109427823478
640,14.428397103757149,2.7206798300914494,-11.707717273665699,1.178353595128546,-2.3227672757503712
47,14.394612572250388,10.1656365354642,-4.228976036786186,2.1101499768712557,-1.1345489046736645
432,14.373138288183293,5.631435099441571,-8.741703188741724,1.9256489669674839,-1.485467027853297
644,14.365277161545036,4.580396381289895,-9.78488078025514,1.2316135601343126,-2.461876890083178
160,14.355172595390549,3.931176470355096,-10.423996125035453,1.5920459354551018,-1.3782952162674673
232,14.343923177675729,4.934839380449418,-9.409083797226309,1.7812524809637953,-1.4844185690649476
62,14.336428641627302,4.648642062451054,-9.687786579176247,2.2517228154329354,-1.65771984762359
255,14.32984290172361,6.3668822484314775,-7.96296065329213,1.830524688183675,-1.6774784406056156
136,14.264834210909688,2.4460841144463354,-11.818750096463353,1.2987275957926694,-1.6786924601051105
227,14.208013718338231,5.023621168060368,-9.184392550277865,2.0499324653857274,-1.5846158367443457
384,14.088381295516683,5.125545687662941,-8.962835607853743,1.773890337557028,-2.219546723687557
324,14.001871019014956,3.54111340173756,-10.460757617277395,2.8828347605350446,-3.403868090865159
350,13.959340793186753,0.12531465058866223,-13.834026142598091,0.12531465058866223,-1.7588111337187275
271,13.900119237108374,4.615043695210905,-9.285075541897466,1.6352439720809095,-2.2849191152038433
200,13.752270519806538,7.861713766429178,-5.89055675337736,2.5218239564509624,-1.312684603595088
691,13.694028715555527,8.689185212669617,-5.004843502885911,2.5101123931774447,-1.7962988223104492
686,13.620818632418224,8.50812350934504,-5.112695123073185,2.606007391269865,-1.2619650081276312
169,13.612798238854216,4.896795696701742,-8.716002542152475,1.6726111415658738,-2.722097314237175
677,13.586339107270604,4.8067162002254475,-8.779622907045157,2.729768333089545,-1.555344085963781
210,13.569026432968352,5.635878481167815,-7.933147951800535,2.375594317204905,-1.501848715671669
320,13.525224482858295,0.8335970591944413,-12.691627423663855,0.708011131877226,-1.586122490803378
204,13.496437642997773,5.285189484547853,-8.211248158449923,3.0529821518463893,-1.6014954938933696
600,13.49400386887557,7.302784122137696,-6.191219746737874,1.64964406139786,-1.904249799157944
117,13.437014659037644,6.190967159904619,-7.246047499133026,1.8354428535369152,-1.377737785503573
189,13.425860952864337,4.729096383323436,-8.696764569540907,3.760241819111301,-2.2336227310520993
267,13.346357551839308,5.0660928249357475,-8.280264726903557,2.0177008884562424,-2.43950975573835
322,13.308710072093731,2.3401077260024645,-10.968602346091266,0.9956540611030087,-1.378933648083605
254,13.28377602630116,3.599445234754785,-9.684330791546374,1.8745816249490495,-2.4471500652564897
142,13.26754184213426,7.716101960842882,-5.5514398812913806,2.4793325920098863,-1.1358649329784265
268,13.222835053337633,3.05555779387349,-10.167277259464143,1.860018617183072,-1.485848777489594
184g,13.1077291580762,4.951693239607793,-8.15603591846841,1.9345160448045724,-1.821206913485201
269,13.093771673001259,2.2016228374244835,-10.892148835576775,1.8080163805508542,-2.116739240925653
152,13.092895069970245,4.136440007362116,-8.956455062608129,1.7823262145124883,-1.4590757939680663
302,12.986440391448102,3.308526881825723,-9.677913509622382,1.5336365207425016,-1.76560918419674
108,12.957382109808252,1.1691848498910955,-11.788197259917157,1.1691848498910955,-2.1245497631309638
694,12.906979569430273,4.50293453715401,-8.404045032276265,2.1090578572062504,-1.6304040377053264
184h,12.83990798146991,2.483440886337661,-10.356467095132249,1.9857220351837503,-2.106001325285912
223,12.725994630786543,1.1214531702013248,-11.604541460585217,1.1214531702013248,-2.252890239211294
357,12.721190819244917,2.9100623794064115,-9.811128439838509,2.7108467601241033,-1.8937466965731309
213,12.716221054947944,5.039054616796087,-7.6771664381518585,2.376765509177383,-1.4851603008833831
112,12.631910292824477,3.315311769795918,-9.31659852302856,1.6938228533138933,-1.3790571343642566
58,12.55443900244802,1.4448971857778639,-11.109541816670157,1.4448971857778639,-1.5626469319432557
386,12.52451517737922,1.3276908942109553,-11.196824283168265,0.7223006005321728,-1.4323623801187586
222,12.480215432514122,6.214164323917824,-6.266051108596298,2.3245495260210767,-1.2616043012050149
327,12.461881897862234,4.25325614896213,-8.208625748900104,2.2048759381401624,-1.999479107241119
599,12.355974518463633,4.797929683698207,-7.5580448347654245,2.4312302080908506,-0.9995405759862115
687,12.347264588866135,6.970300171434642,-5.376964417431491,3.105911166286293,-1.240145127541442
697,12.337960446116908,1.4327975927284227,-10.905162853388486,0.8295173460392381,-2.470942956188854
364,12.330080576686058,6.539401339768499,-5.790679236917558,3.1635877810337703,-1.3774672648767963
123,12.287084495250069,3.8798367447974065,-8.407247750452662,2.0502421365964465,-1.8214432654355637
362,12.284920936706932,3.7590238647920784,-8.525897071914851,1.2143946233530656,-1.847460082198949
113,12.24751818921954,3.8274833960686556,-8.420034793150887,2.7127417310651696,-1.6873275454747412
120,12.240434751496268,2.2643498184665005,-9.976084933029767,1.655835713734301,-2.653339694876278
106,12.23902117577417,6.227033249368711,-6.011987926405459,1.3944936134253623,-1.3771288093154959
184d,12.098811679989096,4.802248026959006,-7.296563653030091,1.9470347568539284,-1.4854397903072154
377,12.08726053994973,5.119579663741595,-6.967680876208134,2.2681633836826873,-0.9993406373956846
63,12.039100546673971,3.983022549105526,-8.056077997568446,2.058770565774131,-1.8064205064011256
379,11.993057822962337,5.515382694388981,-6.4776751285733605,2.414494944294985,-2.4595123522165983
277,11.960845795962317,3.717318307012925,-8.243527488949393,1.9869672885573229,-1.4782082872955027
381,11.954874237356009,0.0,-11.954874237356009,0.0,-1.679091029888597
99,11.893657675523897,0.0,-11.893657675523897,0.0,-1.629207488734268
178,11.877114932786817,2.171349312849354,-9.705765619937464,2.171349312849354,-2.0010286776714388
195,11.836080593881016,5.167435469172925,-6.668645124708091,2.3465113234409554,-1.484755207089067
626,11.80993754595747,0.42513525642182304,-11.384802289535648,0.21604379888150219,-2.8652663989019733
692,11.745185109695003,0.8993878592259764,-10.845797250469026,0.7116783197517018,-1.899942607667041
190,11.697789739617257,1.0785989428231044,-10.619190796794152,1.0785989428231044,-2.537031855545032
119,11.689463863431072,2.7618182363116817,-8.927645627119391,1.7670708883301613,-1.766538686628153
109,11.642924055387295,3.13308695868946,-8.509837096697837,1.79675441939461,-1.4741683296023793
388,11.605525120070107,4.254438352784346,-7.351086767285762,1.751877304584986,-1.377950568461799
393,11.566657761071594,3.8372505674972963,-7.729407193574298,2.107144751963667,-1.223168236442002
509,11.557534533759592,5.387568477194249,-6.169966056565343,1.460775233108007,-0.9994849501093723
166,11.545330775324269,5.026877669381328,-6.518453105942941,1.7215731459700758,-1.5842530768288046
202,11.544390243069977,4.284860215432072,-7.259530027637907,2.2982997168531685,-2.089199959515691
34,11.493116965378114,3.741092166036585,-7.7520247993415285,1.2821080747737696,-1.2631223706863484
657,11.479253253959957,1.3517814340607996,-10.12747181989916,1.3517814340607996,-1.7667407430357605
206,11.299825231247874,2.5708845211823355,-8.728940710065537,1.5024364420766498,-2.2634002223228684
700,11.292345072489233,3.7064179326362847,-7.585927139852948,1.2505922000285206,-1.3306267349275234
173,11.26627972076431,0.0,-11.26627972076431,0.0,-1.7665971080070706
85,11.261790974401013,4.004967014758221,-7.256823959642793,2.57375444399918,-1.5077671075304142
224,11.255805394880342,1.8996012326561156,-9.356204162224229,1.1344485364062251,-2.093497011390175
647,11.219255277579666,2.3391305403641125,-8.880124737215555,1.653463538956696,-1.6670391055701388
365,11.215513936218406,5.135497667592012,-6.080016268626392,2.7027918689891175,-2.1786661785020436
60,11.199114615410343,1.743427828755883,-9.455686786654459,1.0013673400674548,-1.4855112021313341
241,11.18255617828619,2.7576204224920495,-8.424935755794142,1.2171061435959145,-1.3786006819440575
238,11.17464793283057,0.0,-11.17464793283057,0.0,-1.607656854450061
627,11.051883817028068,3.7571972925859995,-7.29468652444207,2.211235717774816,-2.6327117557091197
380,11.050564698510069,0.0,-11.050564698510069,0.0,-2.9249464104773213
87,11.005660758831512,0.12218517028995737,-10.883475588541556,0.12218517028995737,-2.1162131310453294
605,10.897681596605754,6.193104986936953,-4.704576609668798,2.4063044406981735,-1.5839291599277543
231,10.890704559024229,4.637572416876976,-6.253132142147251,2.154939499168845,-1.4851653443257804
297,10.862514479024103,3.4478872186770158,-7.414627260347086,2.0730515009316064,-1.6433631997944458
301,10.786884456450835,7.859406396491066,-2.9274780599597694,2.115335013506867,-0.6766874150889193
172,10.776651726463433,3.618506802248009,-7.158144924215424,2.104050902226402,-1.825922009736165
322a,10.753640448059553,0.7442944865982007,-10.00934596146135,0.7442944865982007,-2.0143595266032386
211,10.70862327916243,2.4575980384120513,-8.25102524075038,1.120352380470532,-1.3786191572250177
589,10.657428500862633,1.675614835862232,-8.9818136650004,1.522781403116525,-1.6697933620491126
289,10.649308861958255,3.750880348013758,-6.898428513944498,1.3639638984045739,-1.42453131368705
615,10.641637301423632,5.7231840375282435,-4.918453263895389,2.01242531610765,-0.9543382667496499
287,10.590252164178004,0.11346307651553764,-10.476789087662466,0.11346307651553764,-1.6783447075812798
127,10.52041302544847,5.051540292131026,-5.468872733317446,1.7846699873588396,-0.9553234597905368
617,10.517019771071457,2.850128620929393,-7.666891150142066,1.576280432697637,-1.304057135109944
658,10.479972221231723,0.934564085948286,-9.545408135283436,0.934564085948286,-2.3799531326289687
688,10.472159241693557,5.595590424841554,-4.876568816852,2.9142006743098574,-0.9977948824542979
198,10.46265012066768,2.1672491001016185,-8.29540102056606,1.7112694849368744,-1.585166877069027
41,10.434129500129107,6.88840173350475,-3.5457277666243563,2.407631055088935,-1.8106539988834909
278,10.431885362301097,3.2637601265766034,-7.168125235724498,1.9913071072917965,-1.765447175005678
82,10.33549127214252,2.201947308422919,-8.1335439637196,0.9137149487423987,-1.2633505742427928
192,10.263750277932086,4.49885831588955,-5.764891962042536,2.315953259498357,-2.136709966011294
282,10.235631186355914,6.238137008053222,-3.9974941783026936,2.3419057947699597,-0.8468705538187316
243,10.205443959169584,3.3702418234834832,-6.8352021356861,1.7263157939537321,-1.26249932307584
209,10.157763398632238,3.278826672861133,-6.878936725771103,2.1347260196028115,-1.2627417764085636
84,10.151082879388195,3.9801737264096606,-6.170909152978533,1.4526410738572446,-1.283768548425845
118,10.136528749750015,0.0,-10.136528749750015,0.0,-1.660548398743381
701,10.051618842575436,2.2283845791093864,-7.82323426346605,1.444437101554129,-2.0413814950936278
244,9.995528165961263,3.5959560548791716,-6.399572111082092,1.878090363689469,-1.5287976100173626
115,9.958904955253573,5.211000806100529,-4.747904149153044,2.891130760237578,-0.8826749020705831
97,9.859229342280798,4.997047955270871,-4.862181387009929,1.5456142285779517,-0.9989730210465624
249,9.80399598497972,0.9528345840442592,-8.851161400935462,0.8386526677113292,-1.263747754924017
274,9.79632465620358,4.967657445068135,-4.828667211135446,1.3337041742287379,-1.0585059552044498
168,9.792951473024026,5.502627825556711,-4.290323647467314,1.781243193578694,-0.8468813042537402
693,9.780916641527691,5.119607209493346,-4.661309432034347,1.9043407477633698,-1.1362406192555212
382,9.767116283777066,3.414973353530028,-6.352142930247039,2.608394458371043,-1.4646935025598622
656,9.745507466445565,1.292834716983106,-8.452672749462458,0.5226544223011016,-2.000858397046066
95,9.700362727461087,4.636784926462916,-5.063577800998171,1.7040052837172992,-1.4728391776233494
61,9.691561315588489,0.9171690038439857,-8.774392311744501,0.9171690038439857,-1.5682741299704892
329,9.687393349608412,2.151791574682243,-7.535601774926171,2.010299750519801,-2.6787116886208704
246,9.633633759649895,0.8934310517044535,-8.740202707945443,0.8934310517044535,-2.104275602751896
155,9.621928910474946,0.606487055546165,-9.01544185492878,0.606487055546165,-1.1609968678240208
315,9.615921115944845,1.5150548379689064,-8.100866277975937,1.5150548379689064,-1.7260972243928148
303,9.602579531738186,2.267594607551337,-7.334984924186849,1.2926598146657702,-1.4854238328715645
309,9.59604813353069,1.649011267980415,-7.947036865550276,1.649011267980415,-2.3025576601025644
430,9.581868528548576,6.820559398690096,-2.76130912985848,1.3664357882750628,-1.1351335227924446
102,9.53480416975897,2.2732978731184894,-7.26150629664048,1.5672556698432802,-1.7733667894765537
307,9.507154166653898,2.877815944110623,-6.629338222543274,2.6099932367436685,-1.2631409631392219
197,9.481099318346535,2.905544792335935,-6.575554526010599,1.7894761760528175,-1.1374456465070975
162,9.463234479172538,1.9802209908121915,-7.483013488360344,1.9802209908121915,-1.49348169585891
217,9.435559375299928,0.15997085469823727,-9.27558852060169,0.15997085469823727,-2.20265507559327
670,9.418196993635037,3.9740139536559513,-5.444183039979086,2.378354293040908,-0.8465844378153434
65,9.393705886090682,0.940507447171332,-8.45319843891935,0.5517648721447309,-1.926593230784496
46,9.386612852599796,3.5859304034218473,-5.800682449177949,1.7854143515756669,-1.80234702163263
212,9.343584456644962,0.1522303422997896,-9.191354114345172,0.1522303422997896,-1.621671541759332
215,9.335545486481,3.010075022281325,-6.3254704641996735,1.961258672096909,-1.8384480357316015
245,9.331978185818722,4.8365712353242625,-4.495406950494461,2.099287781204241,-1.1009850987811631
264,9.329649073160546,4.209477468700415,-5.120171604460132,2.311702614663808,-0.9995808523730957
575,9.29480646005685,0.0,-9.29480646005685,0.0,-1.3805965620743859
260,9.286231495521132,3.3139865529863677,-5.972244942534765,2.1314107343458892,-1.7345929956981165
659,9.189520463279504,1.4727315506898637,-7.716788912589639,0.7359629229890883,-2.071093944110886
513,9.163667235776073,2.6547655255229916,-6.508901710253082,1.3457486226978737,-1.555754093666848
121,9.128443624772794,4.01678999655071,-5.111653628222085,1.3768000273502887,-1.2625055308604325
66,9.098632019038693,1.6440988860079286,-7.454533133030763,1.6440988860079286,-1.7666025329681505
305,9.073809309669018,5.087204486946489,-3.986604822722529,2.0737426312252563,-0.7978005885587949
471,9.066657849578695,4.203338318482448,-4.863319531096248,1.4272687835002271,-1.5538883077169259
124,9.066401483587727,3.6129943998511362,-5.453407083736592,2.036932241611861,-1.3545838397976682
153,9.056509380485327,4.333680903669741,-4.722828476815584,2.814417644570294,-0.7448331068510108
194,9.005977906392916,0.9371204118943502,-8.068857494498566,0.9371204118943502,-1.2635009319740569
300,8.932784970904327,0.0,-8.932784970904327,0.0,-2.0494336365580272
266,8.92885984095341,0.7466543483558592,-8.18220549259755,0.7466543483558592,-1.3124863994018654
88,8.92085436986064,2.257140778301432,-6.663713591559207,2.257140778301432,-1.263363741557677
433,8.916853595712025,1.4732396922286832,-7.443613903483341,0.9697206009744426,-1.362693883510747
81,8.88583423253785,2.647283328134335,-6.238550904403512,1.4290971380666584,-1.4697332603261837
280,8.875408717548098,2.3174958267323067,-6.55791289081579,1.7474491579057503,-1.4099437591193482
105,8.869458503179775,0.7815098378296207,-8.087948665350154,0.7815098378296207,-1.8836194074206272
114,8.803792883851413,1.2085815771678967,-7.595211306683517,0.5960824528758562,-1.2638733771317285
44,8.794003610212876,2.684473746641446,-6.1095298635714315,1.6510682416385432,-1.4855964600591407
313,8.785772473608747,2.3067157707696193,-6.479056702839127,2.3067157707696193,-1.4568185118822634
70,8.749111844614633,2.739131082808146,-6.009980761806487,1.4796484878189622,-1.1374876680518624
507,8.568649755254029,2.9498595322424683,-5.618790223011562,1.1019049458145778,-1.0002952735336539
281,8.529213951115715,1.6094221278344487,-6.919791823281265,0.9259308905447318,-1.557956277113949
426,8.503459570538045,3.796847733538185,-4.70661183699986,1.590237132128958,-0.9999570878091742
581,8.471390095165084,2.8925600747525455,-5.578830020412539,1.810269558964999,-1.0001509747705004
273,8.442550631788055,0.8160189729150212,-7.626531658873035,0.8160189729150212,-1.1380611880071865
655,8.435587477010106,0.9412471503377735,-7.494340326672333,0.9412471503377735,-1.2638041123787171
161,8.404458284566992,2.254437913279393,-6.1500203712876,1.297207392480681,-2.7696609512236816
510,8.403908315093949,1.0586258208401373,-7.34528249425381,1.0586258208401373,-1.0020380540758147
413,8.36545665975137,2.7289446069441476,-5.636512052807223,1.7620811020985785,-1.3517906164439015
154,8.341090886470209,2.83425429716971,-5.5068365893005,1.6719300032653885,-1.8476347508375517
285,8.336985237915417,2.2113591898367533,-6.125626048078663,1.1819772772522636,-1.3786681736692235
446,8.331169304496518,3.440913896192141,-4.890255408304377,1.6460823873803665,-0.9999823251833833
607,8.331032759637441,3.1192033979028047,-5.211829361734637,1.5679608643769478,-0.8480543684301025
51,8.295554162910854,2.215174876320372,-6.080379286590481,2.0717991076897313,-1.3540724290170942
72,8.292332203804472,3.047792087987218,-5.244540115817254,1.9657528218176674,-1.6025420267489494
77,8.208890051154368,5.1177880446651205,-3.0911020064892485,0.8831194111975784,-0.9992646817601847
275,8.164422411335572,2.843133684473253,-5.321288726862319,1.247301076103489,-1.0001563801586661
319,8.141363954765765,3.493035117112055,-4.648328837653711,1.7646286279768946,-0.847094385098248
573,8.086711706095118,0.0,-8.086711706095118,0.0,-1.9706013929079698
504,8.06864849077725,2.977400017608052,-5.091248473169197,1.2737881119254824,-1.2627816686923108
524,8.060356327283058,3.196004914821001,-4.864351412462057,2.287110262199873,-0.9996727572157236
570,8.034140472852968,2.296281133465863,-5.737859339387106,1.5612336883362878,-1.6002701758305862
50,8.024331140424168,0.0,-8.024331140424168,0.0,-1.3796293677359945
134,7.978415526581626,0.30307482601657204,-7.675340700565054,0.30307482601657204,-2.633072226549109
253,7.975500538751773,1.6644625165323186,-6.311038022219455,1.6644625165323186,-1.6726505508734075
163,7.946244417701286,3.673609536436941,-4.272634881264347,1.8966311034534145,-1.468005480778738
48,7.93526202700776,1.0202668911779103,-6.91499513582985,1.0202668911779103,-1.9909689262243533
270,7.86412094647867,4.27251934288703,-3.5916016035916396,1.634149640931035,-0.6773206231541334
203,7.8480400283013045,2.1973928368645614,-5.650647191436743,1.8238884828584894,-1.585208654848723
662,7.823837431043634,2.6205289462000456,-5.203308484843587,1.8185216964932143,-1.0941151451537316
92,7.811873469605382,4.428790820175925,-3.383082649429458,2.6294922241696543,-1.4192244916760623
183,7.806372454329974,5.076929707741343,-2.729442746588632,2.3268472331436216,-0.9991915255925846
225,7.796247990100491,1.7969176129928277,-5.999330377107664,1.7969176129928277,-1.6613172556104505
219,7.784321758148495,0.002125316534659029,-7.782196441613836,0.002125316534659029,-2.27650121771422
83,7.773700037133546,4.294076735364115,-3.4796233017694296,2.0356574471330933,-0.9453917878126372
514,7.7690320786083085,3.2790689759927063,-4.489963102615601,1.0247248939409512,-1.136393853155838
378,7.733682007541281,0.0,-7.733682007541281,0.0,-2.8455878084999973
94,7.670215125802886,1.5081662219861942,-6.162048903816691,1.303605961783489,-0.9507206132962758
557,7.627366703490676,2.3070684014349343,-5.3202983020557415,1.1649666210287333,-1.3964277018097289
516,7.619390530257858,1.3747474837374574,-6.2446430465204,1.0523750418094557,-1.8730490195970506
443,7.561401073826148,3.32695754250751,-4.234443531318637,1.154023577150496,-1.4819004558558775
164,7.544152589079756,1.604271115623944,-5.939881473455812,1.604271115623944,-1.0004481414319308
317,7.515872827384787,1.7663011710527783,-5.749571656332009,1.7663011710527783,-1.2061592218247708
554,7.515782013077547,3.351961749507134,-4.163820263570413,1.3055856530153418,-0.8477958579086247
177,7.498412696661881,5.021985313376053,-2.476427383285828,2.463490478466259,-0.8471768676055842
623,7.421298511979902,3.3715962321294954,-4.049702279850408,2.0270319744991387,-0.9993414726161535
690,7.398177119528287,4.799877501074927,-2.5982996184533604,2.1372422468736003,-1.1362277181678162
256,7.359559701923555,0.0,-7.359559701923555,0.0,-2.00049366513712
515,7.353367632980323,3.3235496758049052,-4.029817957175418,1.113106532933618,-0.9991616946690893
371,7.342507507118979,0.34815616966104207,-6.994351337457937,0.21271108250707427,-1.7062980035282813
101,7.325532186692456,3.2955391480071814,-4.029993038685274,1.7675100044744745,-1.6325752695333484
265,7.322326287221122,0.8913331868503952,-6.430993100370726,0.8913331868503952,-1.2197993926330866
174,7.286046134568303,2.6237003663485745,-4.662345768219729,1.9430157337379423,-1.2506498466478975
89,7.275882388182035,0.137280804486439,-7.138601583695596,0.137280804486439,-2.2398307533521518
438,7.249302000766545,2.6496011172806573,-4.599700883485888,1.0353605567797581,-1.2118873716797418
592,7.24328847203654,4.389301707323254,-2.853986764713287,1.9744809480255332,-1.262132088650779
294,7.239648110982531,3.1527562187180678,-4.086891892264462,1.7897759081184834,-1.2161992461500897
250,7.085166744712493,1.0241158467949234,-6.061050897917569,1.0241158467949234,-1.5785881532019288
299,7.026218991799193,0.0,-7.026218991799193,0.0,-1.6266642888819678
635,7.018734038262453,2.668131413925983,-4.350602624336471,2.212600619566579,-0.8476077744857383
631,6.963172292614524,5.275038159008107,-1.6881341336064177,2.5062396751886657,-0.6777135525266252
383,6.953288474056546,2.5393557834646425,-4.4139326905919045,1.5522666808424939,-1.27054773298638
689,6.917927164629673,0.9113243610229044,-6.006602803606769,0.4770210433496499,-1.8868445811059578
283,6.869294208832051,2.0230988311567555,-4.846195377675296,2.0230988311567555,-1.9091601040815283
586,6.866147676070656,5.596055071474734,-1.2700926045959222,1.7972281448645373,-0.4855216306814371
653,6.851259349448063,2.040000939937082,-4.811258409510982,1.8662816609339041,-0.8486659925419373
79,6.843448689826833,0.0,-6.843448689826833,0.0,-1.9882404745844087
90,6.837588507008057,0.5979393978677463,-6.239649109140311,0.5979393978677463,-1.5625799013785378
436,6.82735367188587,2.960140447136309,-3.8672132247495616,1.8404192505965145,-0.9991724007423467
565,6.809500391691494,1.0109180330652558,-5.798582358626239,1.0109180330652558,-1.5677809922949444
390,6.792200707846077,2.7770086686811437,-4.015192039164933,2.7770086686811437,-1.353646292771818
104,6.7831565267273435,2.9991978613336316,-3.783958665393712,1.5763547230510246,-1.2630092355793372
582,6.775306910121004,3.035302726173398,-3.7400041839476055,1.4526555452930576,-1.7145643279039648
263,6.763715233835737,4.041293104500852,-2.7224221293348845,1.8896970507717872,-1.0364776823755506
583,6.719875577831003,0.0,-6.719875577831003,0.0,-1.5038490462535539
527,6.710898987215057,3.7006705441284238,-3.010228443086631,1.787617206591582,-1.1475187634551722
36,6.683675651285658,2.983833706789955,-3.699841944495704,1.704695104062905,-0.9994682318210141
131,6.6707299256020995,3.3173039487004345,-3.353425976901663,3.3138969553936546,-1.2672192232323412
170,6.625674028163127,2.0617808148628267,-4.563893213300301,2.0602623301121623,-1.3196105508909468
191,6.5708687220357005,3.8035382450469597,-2.767330476988741,2.034565354509237,-0.48491157295887255
492,6.476854083111239,2.4318790756633613,-4.044975007447878,1.0246306999276438,-0.6780240906453194
96,6.468658522688452,6.206634928758644,-0.2620235939298088,1.5285711399773663,-0.2620235939298088
440,6.45875626963965,2.67741842563285,-3.7813378440068,1.058462011686354,-1.0301697854783407
593,6.4500537300944805,5.080207711841211,-1.36984601825327,1.9518808844315803,-0.8465903398985274
442,6.423811779937328,2.258202360140614,-4.165609419796713,1.0141780003282699,-0.8611987468808446
675,6.423653655571766,2.629119060579316,-3.794534594992449,2.541988341512267,-0.9539339269578668
485,6.376884638856371,1.5201545880880658,-4.856730050768304,0.9844992163332245,-0.9224668714565163
103,6.357853128826594,2.4583574595603377,-3.8994956692662575,1.2381002699986439,-1.0634099001570774
98,6.335678240031808,0.14237866399250088,-6.1932995760393075,0.14237866399250088,-2.2023419351548323
359,6.254765567690992,2.265352452726331,-3.9894131149646603,1.3474070133828744,-1.378089706129538
220,6.247420518545131,2.1372959314810944,-4.110124587064037,2.131901556432815,-1.1475883518941608
279,6.241296827015235,0.4784258309468423,-5.762870996068392,0.4784258309468423,-1.4803726741137706
650,6.189133042156177,1.2591540566014745,-4.929978985554703,1.2585671235579474,-1.2629691910511798
199,6.1705673155996745,2.370312706507523,-3.800254609092153,1.9303679414534127,-0.9579984323162224
490,6.1352443364137494,0.8365142683631702,-5.29873006805058,0.8365142683631702,-1.0016084036308286
312,6.121543720102117,0.06267522455900904,-6.058868495543107,0.06267522455900904,-1.661794715609533
595,6.115003931558958,1.2409207772863406,-4.874083154272617,1.2409207772863406,-2.2025955749135004
184b,6.1097476202573064,0.9242447176040824,-5.185502902653224,0.6706832876705864,-2.08725374441963
276,6.036910775521853,1.989688597935871,-4.047222177585981,1.0350175943848186,-0.8050250577068708
64,6.032879988465408,2.5547040522506816,-3.478175936214724,2.177519217780154,-0.9676669943140502
292,6.023246420289528,2.5532342452389916,-3.4700121750505373,2.2918459155103488,-0.9998637004049091
251,6.014163062554614,2.9361522583326454,-3.078010804221969,1.6671042150856483,-0.8410266398239512
548,5.960215132981305,1.286952881041505,-4.6732622519398,1.286952881041505,-1.738072815907552
184a,5.95627813252664,0.0,-5.95627813252664,0.0,-1.8003098493293226
201,5.952284817101465,0.0,-5.952284817101465,0.0,-1.3790519083851107
596,5.951854684627865,0.1247637880076673,-5.827090896620197,0.1247637880076673,-1.4869898043502225
424,5.920640235073101,3.5266344591119165,-2.3940057759611832,1.265001917351949,-0.677395701813443
179,5.907535657592075,2.277585254949401,-3.629950402642674,1.818807591765637,-0.8479720112396304
361,5.892288665253583,0.0,-5.892288665253583,0.0,-2.5549393968812093
567,5.876832101162707,3.236719806024923,-2.640112295137783,1.686072861218618,-0.9233624268477475
395,5.871845720934487,0.5371948316992546,-5.334650889235232,0.5339635385410799,-1.3781525906805994
53,5.856344905719692,1.9497428933403365,-3.9066020123793552,1.9201024631289607,-1.3664196640015402
476,5.845576782353466,1.9323267375949529,-3.913250044758513,1.3541082876497643,-0.7330895150923782
663,5.809317709580464,1.0404638992361657,-4.768853810344298,0.7486501195881983,-1.137507961041872
505,5.802025893489085,4.30146971392395,-1.5005561795651337,1.5935516637867484,-0.557082215931409
646,5.79572352814098,3.9998401350973385,-1.7958833930436415,1.5647344450809701,-0.4843835070195619
111,5.775565180407818,3.1470520580803987,-2.6285131223274183,1.6433547219190483,-1.0935263430861666
415,5.758355480930709,0.0,-5.758355480930709,0.0,-1.159860752298897
156,5.748495091029483,1.41216294024688,-4.336332150782603,1.41216294024688,-0.9548930304508455
78,5.746301129976538,2.4814806945446484,-3.26482043543189,1.2556587507238195,-0.6118727586691814
56,5.741905473063403,1.2805199549651352,-4.461385518098268,1.2805199549651352,-0.6783808099360198
543,5.7335634434123515,0.0,-5.7335634434123515,0.0,-1.1387076438328918
431,5.716373146648961,2.1361967878522323,-3.580176358796729,0.7797295219610684,-1.140742600917017
286,5.698720726535273,0.0,-5.698720726535273,0.0,-1.6007861325108648
258,5.681847956066657,0.0,-5.681847956066657,0.0,-1.2636699096052109
474,5.671431000179518,2.643999960341999,-3.0274310398375195,1.5828865075440934,-0.9049240364819859
429,5.667213898778176,0.9591566787123866,-4.708057220065788,0.4853774285485282,-1.0868185236048575
42,5.664149812538401,3.5567828048675745,-2.107367007670828,1.971995747147421,-1.5862393208925758
345,5.61192138137309,1.1385206562743078,-4.473400725098782,1.1360826662112844,-1.6985784087854572
291,5.578907511271873,2.8038622454075446,-2.7750452658643265,2.799873367061711,-1.2108232361066378
528,5.573725960225999,1.9431799155856098,-3.6305460446403885,0.9868439925978395,-0.848077455365927
242,5.568455579136283,0.0,-5.568455579136283,0.0,-1.952201098812305
654,5.5484438519976464,3.0438317890826534,-2.5046120629149944,1.8538688248726696,-0.48488310689439784
512,5.513309591596147,0.6674654230548782,-4.8458441685412685,0.5484209975431207,-0.8585745841819239
500,5.5107412828863405,1.4300705778900944,-4.080670704996246,0.9372958437632936,-1.757701106169516
80,5.500932444238148,3.678363944786902,-1.8225684994512457,1.4411628770270226,-0.3440526923897584
76,5.497169130753807,0.0,-5.497169130753807,0.0,-1.9882829427725925
564,5.475989078226121,1.554949455799622,-3.9210396224265,1.4247611234860682,-0.6785315064311608
353,5.466040333329478,0.0,-5.466040333329478,0.0,-1.1696356243165738
218,5.446577847976943,0.38966116044631943,-5.056916687530624,0.38966116044631943,-1.8137205438428303
284,5.442980054565229,2.7162285873016816,-2.726751467263546,1.9949630850102547,-0.8477015761957822
534,5.423331031400237,0.5183879232913762,-4.90494310810886,0.2804500073599837,-1.5859793239348439
233,5.413096444710441,1.501858434685828,-3.911238010024614,1.501858434685828,-1.4114113753291089
585,5.38193002298706,0.042405233296488834,-5.3395247896905715,0.042405233296488834,-1.0009841807660167
298,5.378630530591077,2.3176711883178647,-3.0609593422732115,2.0004425311714225,-2.3102376486813547
342,5.370656491847847,1.725150128041854,-3.6455063638059944,1.4825220529600096,-1.3716682753648481
257,5.3698012108110005,3.5011617819624865,-1.8686394288485133,2.3458150929387207,-0.6768348839227916
521,5.356406863533792,2.8142697914726607,-2.542137072061131,1.654591235952044,-1.1536114451499542
441,5.350843640528975,1.0323510627261197,-4.318492577802855,1.0323510627261197,-0.9104508687310052
128,5.343431972672995,0.30181036274186923,-5.041621609931126,0.30181036274186923,-1.000382379718239
660,5.289237275544694,1.219920121789389,-4.069317153755305,1.219920121789389,-1.6783876768672097
387,5.275874152202468,2.188813937256975,-3.0870602149454953,1.3599796169641503,-0.8477351548556258
139,5.270815499413218,0.5007732771765192,-4.770042222236699,0.5007732771765192,-1.293147243293763
67,5.239948832987962,0.0,-5.239948832987962,0.0,-1.6877852952870143
601,5.208176822088903,2.28637520103965,-2.9218016210492532,1.3416496372485467,-0.677835621816139
367,5.187720339854448,3.2632739196790386,-1.9244464201754108,3.121324639359918,-1.0251713055735265
666,5.168542894401268,0.0,-5.168542894401268,0.0,-1.636287904799685
525,5.156240447461292,3.411131607758006,-1.7451088397032868,1.6363153893441647,-0.8473518368202055
75,5.152030819162216,0.7412319101622833,-4.410798908999934,0.5311746562748125,-2.1448532463387533
37,5.147109176360804,1.5835672416452264,-3.563541934715578,1.2500167029567701,-1.4402679452827352
39,5.119738074704187,0.729264907078899,-4.390473167625288,0.729264907078899,-0.6784736093430862
86,5.109909531613649,0.31926118626710803,-4.790648345346542,0.26151694831317907,-1.3790999761605427
661,5.105482509589629,1.2973941833600164,-3.8080883262296124,1.2973941833600164,-1.0064131402734908
481,5.087482976412101,1.9724668625009372,-3.1150161139111634,1.0346679010454634,-0.48571433230718886
159,5.07780570996287,0.0,-5.07780570996287,0.0,-1.4678297365541375
444,5.043327198891613,1.2603413150085956,-3.782985883883017,0.7710189565361143,-0.9702403825946901
425,5.040678105795035,1.452556627533727,-3.5881214782613076,0.7656050992510371,-1.0005117157782661
107,5.036288115514395,0.0,-5.036288115514395,0.0,-1.5846734465366095
331,5.022936377314073,0.0,-5.022936377314073,0.0,-1.9860560788539428
669,5.010152220851254,2.0909563775776756,-2.919195843273579,1.4454022342269872,-0.6781214122077308
68,5.0023145124547925,0.44900871014561217,-4.55330580230918,0.44900871014561217,-0.9145375247714792
478,4.980146777671158,2.3784061462758066,-2.6017406313953524,0.7227414962984275,-0.6778513949762426
226,4.976749043666535,1.7200619308453158,-3.2566871128212185,1.7200619308453158,-0.8480373959663741
681,4.936541088211477,3.025136482017697,-1.9114046061937797,1.5652514529017045,-0.8180560585638871
606,4.898611510391138,4.898611510391138,0.0,1.7739344782124695,0.0
59,4.856899697587562,1.7919312295951497,-3.0649684679924123,1.7917080138745942,-0.8285379583404514
437,4.853660769539122,0.6104183179842122,-4.24324245155491,0.3315089763241403,-0.851817513336882
519,4.852263108784111,1.325733088650423,-3.5265300201336887,0.8919653131749631,-1.0003926229354383
182,4.840986450826182,1.8009873124066411,-3.0399991384195406,1.0174088805445727,-1.4218239830828217
628,4.804152233255574,2.086801227972426,-2.7173510052831498,2.082739503013469,-0.9793739418728912
346,4.704048580874695,0.48365493766296724,-4.220393643211728,0.48365493766296724,-1.2631886411579956
580,4.689402266077357,0.6199417226412463,-4.069460543436111,0.6199417226412463,-2.2638641230959813
52,4.667547238225387,2.5927988359075096,-2.074748402317876,2.5856569209678026,-0.5460733212062816
259,4.643625691736033,1.8996083567580597,-2.744017334977974,1.1060574056163837,-0.8479010388944173
499,4.626252801768817,2.887630798488144,-1.7386220032806727,1.4600597642505562,-1.2538684316610453
508,4.61458751780957,1.767865810166524,-2.8467217076430456,1.1022683362533603,-1.0358586247938446
460,4.607577270809703,1.7797106291579106,-2.8278666416517932,0.6567958035081598,-0.9217766819859614
546,4.589940537409377,1.6900471895580775,-2.8998933478512994,0.8610920556611978,-1.137646638588729
385,4.563706105593075,0.0,-4.563706105593075,0.0,-1.4395590192237637
651,4.558009322532532,0.10351383117982445,-4.454495491352708,0.10351383117982445,-1.2634822142946471
496,4.5345437882841315,1.2759378225879816,-3.2586059656961495,0.6678645701644237,-1.3440070348609583
461,4.508790461896144,2.488567189271172,-2.0202232726249716,0.7643416838012017,-0.7386934396103435
578,4.494879118799624,0.0,-4.494879118799624,0.0,-1.1157802967013022
184c,4.465357754458076,1.0394904777400538,-3.4258672767180225,1.0394904777400538,-0.6783310518526553
176,4.401782563454447,0.39451859997949645,-4.0072639634749505,0.39451859997949645,-1.4858063877576058
569,4.392323432500964,0.30953040091848394,-4.082793031582481,0.17264895184377088,-1.2642218883108094
462,4.356276295513365,0.6030013424822789,-3.753274953031085,0.6030013424822789,-1.1348746125741107
38,4.348178020994321,1.9685332879519748,-2.3796447330423467,1.9675077283906506,-0.9182635268771367
489,4.33176009946214,2.280221167700639,-2.0515389317615016,1.207556291403753,-1.3033916436657496
417,4.331163390351249,0.0,-4.331163390351249,0.0,-0.7435255965631038
349,4.323412924927803,0.0,-4.323412924927803,0.0,-1.0435539970807117
167,4.318651291134708,0.0014645974754975916,-4.317186693659211,0.00014645974754975917,-1.1373570640023851
434,4.305553719762096,1.4850817002685335,-2.820472019493562,0.8698669556145621,-1.0003071190532504
416,4.261299423262388,3.9779390891556163,-0.28336033410677214,1.0374539343914533,-0.2614238386950965
484,4.203326390441092,0.895967603740704,-3.3073587867003873,0.4751255112916458,-0.7863593498583987
568,4.1826915556260165,1.0081589656394994,-3.174532589986517,0.8929691294855443,-0.6103458597053214
296,4.158166462279492,2.470572598816484,-1.6875938634630074,1.4767681390916358,-0.6775784849907726
518,4.123871956355393,0.11520415545787115,-4.0086678008975225,0.11520415545787115,-1.1770137454270637
376,4.115144286637986,0.0,-4.115144286637986,0.0,-0.848307409282428
465,4.112141478033615,1.1302552459483495,-2.9818862320852655,0.7727459823471765,-0.7762173274858312
622,4.109380150921227,2.852494052487129,-1.2568860984340993,1.065602746093952,-0.9944452404128009
602,4.094526584581899,0.5907290359671747,-3.503797548614725,0.5907290359671747,-1.043214724009254
45,4.081235958522148,1.242690683071198,-2.8385452754509517,1.2397032425202381,-1.2628046027144892
91,4.050294850850803,0.6223083956396964,-3.4279864552111063,0.6223083956396964,-0.7642240142126993
428,4.039165688124845,1.5707721278107183,-2.468393560314127,0.6184413259306212,-0.6718250993520583
560,4.026503876336977,0.19300471931045762,-3.83349915702652,0.19300471931045762,-1.0009743983193908
475,3.990801089709435,2.1406445191396513,-1.8501565705697836,0.7948878263535984,-0.6775454049326243
248,3.9608567414925986,1.5552311027051013,-2.4056256387874972,1.3655650484167792,-0.6076951756054426
237,3.9071185347511097,1.8389914753604943,-2.0681270593906156,0.9256779605206682,-1.2621650951519934
561,3.898268204182519,0.0,-3.898268204182519,0.0,-0.9870052632240637
459,3.8945485212528355,1.9135722643415431,-1.9809762569112923,1.0049743823680481,-0.5928151850838638
338,3.880296658409102,2.5460048426117377,-1.3342918157973642,2.5433921864168076,-0.4852402088706041
69,3.874820547195846,0.047394977596502685,-3.827425569599343,0.047394977596502685,-1.1000383656772126
479,3.860232584463281,2.376447980974251,-1.4837846034890303,1.956843965343678,-0.4850075961904577
502,3.858308359336111,3.060815819707622,-0.797492539628489,1.4557014990230686,-0.4789167506065886
414,3.824489507980456,1.4467835141433427,-2.3777059938371137,1.2100717561465006,-1.0002426850409718
43,3.7827419705250658,0.0,-3.7827419705250658,0.0,-1.312436196544674
261,3.7497725842627476,1.2619283829959242,-2.487844201266823,1.2598139974107125,-0.9998373549549837
517,3.7430223456803455,0.666798223410936,-3.0762241222694096,0.666798223410936,-1.1532971300167647
588,3.7361756219932785,0.5222650566403182,-3.2139105653529603,0.5222650566403182,-0.6136081769872381
439,3.729766800641266,1.2567648425072946,-2.4730019581339713,1.0957606360911532,-0.7876558838735865
314,3.728482241114266,0.0,-3.728482241114266,0.0,-1.9470772769028288
463,3.714616172205726,0.6595816404603739,-3.0550345317453527,0.3267611066063437,-0.6792378805212766
577,3.703280266318765,1.0869490481077073,-2.616331218211058,0.8197640349165217,-0.6783804643535819
574,3.6946672145101154,0.0,-3.6946672145101154,0.0,-1.7664407259170576
247,3.677268532751274,1.3859245913957894,-2.2913439413554846,0.9100193266266331,-0.7954433520163899
642,3.671569577616003,0.3398411812082732,-3.3317283964077298,0.3398411812082732,-0.8482949479568378
55,3.644150213294405,0.9758228635922539,-2.6683273497021514,0.8622254393517889,-0.8489954998944693
239,3.641238590024141,1.8126134919319272,-1.8286250980922127,1.5969249447089369,-0.6770446684249845
235,3.639224651063013,0.0,-3.639224651063013,0.0,-1.6882341591330645
550,3.630312984856903,1.1605331539985764,-2.4697798308583265,0.5867426270964688,-0.485544692494346
366,3.603489418093491,0.0004513697233398092,-3.6030380483701516,3.472074794921609e-05,-1.4848822722164732
553,3.586608303541227,0.7264777864102692,-2.8601305171309575,0.7264777864102692,-0.6794856668656803
558,3.5837125895878907,0.0,-3.5837125895878907,0.0,-2.5942718461028162
552,3.5707401081848555,1.3790681919704593,-2.1916719162143963,1.3790681919704593,-0.48557190751156065
129,3.560823039704482,0.0,-3.560823039704482,0.0,-0.904297592234175
482,3.554101529187758,2.802767874708576,-0.7513336544791819,1.7511563207596632,-0.2619425542688565
520,3.548975203949371,0.0,-3.548975203949371,0.0,-1.1382609589795285
100,3.5463019287030884,1.4862506286715034,-2.0600513000315854,1.3856634779064565,-0.8243878838279037
685,3.523635993459596,1.765637988046371,-1.7579980054132238,1.7605449353319051,-0.4850350538845135
453,3.519293078643529,1.170497339567377,-2.348795739076152,1.170497339567377,-0.6783744822781745
228,3.4969344717936175,1.5940556899866436,-1.9028787818069732,1.5931605935464384,-1.0023535597640452
551,3.4426782952197548,0.08164701594581057,-3.3610312792739445,0.08164701594581057,-1.0007808089581562
368,3.416571354153013,0.697288838583083,-2.71928251556993,0.5623049621351748,-1.7744118463128449
493,3.3316156746496297,0.0,-3.3316156746496297,0.0,-1.1248687321609712
597,3.318416265753051,0.0,-3.318416265753051,0.0,-0.9438124074617357
196,3.312363202639939,0.4934583090403827,-2.818904893599557,0.4934583090403827,-0.48551850983372735
175,3.2947423870998405,2.245996419862542,-1.0487459672372976,1.0086540996069728,-0.2621864918093244
184,3.2475374591172987,0.9802695436882318,-2.2672679154290662,0.9785827067230259,-0.6326974277086619
448,3.247150204122765,0.32744049633163597,-2.9197097077911294,0.29120971745976765,-0.7977680194433777
579,3.236147245376078,0.18103548090935773,-3.0551117644667203,0.16691516454904243,-1.6547074149871897
452,3.2346588848726405,0.702073877586163,-2.5325850072864764,0.702073877586163,-1.19887718376639
480,3.229401309462364,2.0350970891177336,-1.1943042203446308,1.0433155699083565,-0.4848100051404311
421,3.197012518513066,0.8923937343466172,-2.3046187841664487,0.8915060958399742,-0.6779912107029429
180,3.1821101038194377,0.2686710734558566,-2.9134390303635813,0.2686710734558566,-1.1956379517227747
587,3.1627808520743326,1.6892529429391112,-1.4735279091352211,1.6857407211303537,-0.6778017342042716
491,3.160878879235656,0.0,-3.160878879235656,0.0,-0.6792889026708206
193,3.139786150041229,0.4466557882100505,-2.6931303618311784,0.4466557882100505,-0.8482131629127094
501,3.128951902931962,0.0,-3.128951902931962,0.0,-0.7318789927685023
498,3.1256962053356774,1.9481593866939977,-1.1775368186416797,1.3131688872650242,-0.9234095710158342
116,3.1095189607469607,0.0,-3.1095189607469607,0.0,-0.8485116712843972
262,3.0888665712067067,1.5808217786721948,-1.5080447925345115,1.576189601109076,-0.6673269562887966
608,3.067293226330393,0.0,-3.067293226330393,0.0,-0.8597022746682211
584,3.049967723389885,0.0,-3.049967723389885,0.0,-0.9033790431352547
539,3.0272402072662294,0.24186696758720566,-2.7853732396790236,0.24186696758720566,-1.1580662294450836
71,3.0178226106142385,0.0,-3.0178226106142385,0.0,-0.6785978264529883
566,3.0064082708529476,1.8773467397394579,-1.1290615311134897,1.609689694417126,-0.6438891277929356
447,2.9940548841855206,0.7027439373209099,-2.2913109468646105,0.7027439373209099,-0.48587072140027965
483,2.9834644553955165,0.9846102696674509,-1.9988541857280655,0.9846102696674509,-0.485519972875861
205,2.947013656206149,0.0,-2.947013656206149,0.0,-1.2632289530642198
370,2.938762998387594,0.40860556054965536,-2.5301574378379383,0.4006323295251384,-1.1254070913237824
678,2.918147315837029,0.58557164152518,-2.332575674311849,0.58557164152518,-0.40480811034294323
477,2.9104231634460827,1.7642801420966512,-1.1461430213494315,1.309518799009505,-0.8835549242807577
544,2.909820698633557,1.8992419462404015,-1.0105787523931555,1.651599136923846,-0.48512119835535056
542,2.9053415097824806,0.10921340854451551,-2.7961281012379655,0.10921340854451551,-1.320287867070578
435,2.8784273888345124,1.604897506730007,-1.2735298821045058,0.772599776445401,-0.4851767865284625
74,2.86405325741912,1.9807317913463636,-0.8833214660727565,1.09791114242059,-0.4638528061573345
40,2.805829029396302,0.7746452054662473,-2.031183823930055,0.7453111309024991,-0.48548122890104367
391,2.7521606686763316,0.029523941787469903,-2.7226367268888616,0.029523941787469903,-0.6782467126836154
455,2.749726445012499,0.729101613607753,-2.0206248314047457,0.68397748805673,-0.8484467881648075
529,2.735570986491605,0.0,-2.735570986491605,0.0,-0.8206791011917264
157,2.699238954334249,0.0,-2.699238954334249,0.0,-0.8335702443923237
540,2.684699195268931,1.183142608782902,-1.501556586486029,1.0431136980215683,-0.804863800932043
541,2.668202984130594,0.0,-2.668202984130594,0.0,-1.8788017935745347
420,2.6394323993417856,1.2133058949652393,-1.426126504376546,0.7666243523855514,-0.4850540806828286
559,2.6196255169835236,0.23913432893927558,-2.380491188044248,0.23913432893927558,-1.2635601993865793
165,2.607733412468144,0.0,-2.607733412468144,0.0,-1.0660291301784006
530,2.5795264049299362,1.6720021955829305,-0.9075242093470056,1.6673185254807985,-0.4851340977888583
591,2.549520678156707,0.0,-2.549520678156707,0.0,-0.5157632706160454
538,2.532651834218893,1.3979367770879634,-1.13471505713093,1.3974237783992476,-0.4087996969833758
549,2.5168740032288923,1.355313276372199,-1.1615607268566934,1.3504011799916342,-0.8988333270466852
495,2.5098672555777317,0.33583150135828277,-2.174035754219449,0.33583150135828277,-0.6723979999863117
603,2.4936346644346012,0.0,-2.4936346644346012,0.0,-0.6785146738209007
506,2.4770770882448163,0.7245973951394522,-1.7524796931053641,0.7245973951394522,-0.9590506538957329
126,2.4494573953374656,0.25574726609748777,-2.193710129239978,0.25574726609748777,-0.7212019951306288
288,2.4008839559370636,0.7114253638124344,-1.6894585921246297,0.7110440324220044,-0.6780446671561782
604,2.3244132556638437,0.5519241224867764,-1.7724891331770665,0.5519241224867764,-0.5656262213115865
535,2.2971333183846525,0.045561445910821896,-2.2515718724738303,0.036877987604874284,-1.1744019868632891
494,2.2673202605161022,1.0328344498002695,-1.2344858107158325,1.0240427374131542,-0.262358120265554
272,2.260471354150474,0.8043204340682686,-1.4561509200822056,0.6598560489192102,-0.48538364002740186
532,2.2428561601850387,0.0,-2.2428561601850387,0.0,-1.3671180459473458
536,2.24121956849286,0.13969994593346607,-2.101519622559394,0.13969994593346607,-1.2243514006796221
486,2.20235034630581,1.7968345930313525,-0.40551575327445744,1.0975091596223492,-0.26245250581917257
456,2.1863999338652955,1.3984997642066193,-0.7879001696586766,1.1320029297070013,-0.26263338988622553
533,2.165495423232474,1.1119084423658943,-1.0535869808665796,1.1119084423658943,-0.6465570395522813
556,2.1615565492743896,0.7142573900934428,-1.4472991591809465,0.3116834852501191,-0.5425164324243814
464,2.097480967483715,0.4270469802308964,-1.670433987252819,0.2203681873797007,-0.486134110850887
466,2.0565654775323043,0.8455850316891693,-1.210980445843135,0.5327233070972566,-0.7818672877633123
497,2.0490343010848715,0.5527322813218956,-1.4963020197629762,0.4506544516144053,-0.5497538831897757
610,2.031370493510431,0.0,-2.031370493510431,0.0,-0.6784776726563764
545,2.0310317863347493,0.0,-2.0310317863347493,0.0,-0.4859094446963215
181,2.0189345310351854,0.0,-2.0189345310351854,0.0,-0.4857618384001427
451,1.988664179153322,1.0832165803697675,-0.9054475987835544,0.8510358806987148,-0.4529611189687657
470,1.9560573183359984,0.06286486411837261,-1.8931924542176257,0.06286486411837261,-0.6795025368906746
563,1.9391925818352815,0.0,-1.9391925818352815,0.0,-0.8016584717307617
473,1.9219369915261197,1.249604651960747,-0.6723323395653727,1.244121676975909,-0.26266887416813783
576,1.9119034899656284,0.14457985248114377,-1.7673236374844847,0.13894520301982874,-0.4857435415026762
54,1.909230696805218,0.0,-1.909230696805218,0.0,-0.7775863985143976
450,1.903397509516555,1.248906086951902,-0.6544914225646528,1.244815131261745,-0.39105837533169685
35,1.847867657598112,0.09935599714735095,-1.748511660450761,0.09935599714735095,-0.6782697590878448
93,1.837827847754733,0.0,-1.837827847754733,0.0,-0.6804313926262342
333,1.8260621287227357,0.017749788891739855,-1.8083123398309957,0.017749788891739855,-1.0429555375849253
458,1.786811716982974,1.114523437432385,-0.6722882795505891,0.9223233092834268,-0.4095177366629667
467,1.7805202275838101,0.307745552242855,-1.4727746753409552,0.307745552242855,-0.7781326884477044
125,1.7729899655854593,0.0,-1.7729899655854593,0.0,-0.5537339068382114
488,1.7628822167777052,0.0,-1.7628822167777052,0.0,-0.4860477103329748
562,1.7615758081871347,0.134344741124136,-1.6272310670629986,0.134344741124136,-0.5686649121153837
158,1.7170028703014042,0.05303942024242323,-1.663963450058981,0.05303942024242323,-1.3786900623453535
531,1.7082942626439772,0.13397191876813253,-1.5743223438758447,0.13397191876813253,-0.9146759247102895
598,1.696989248713736,1.696989248713736,0.0,1.046748504352168,0.0
122,1.654976879354699,0.0,-1.654976879354699,0.0,-0.5753047226616077
472,1.631340576860023,0.0,-1.631340576860023,0.0,-0.4770571868304197
522,1.5925890485379963,0.13985248096293698,-1.4527365675750594,0.13985248096293698,-0.3967981450953066
469,1.5921305571672972,0.3365206989648574,-1.25560985820244,0.2175650992550312,-0.4857505909865136
419,1.5850630083111044,0.5416073272764192,-1.0434556810346851,0.5416073272764192,-0.2630491548821559
547,1.5531504496012365,0.09291754837427522,-1.4602329012269613,0.09291754837427522,-0.48571619913978364
423,1.5258232524673143,0.5133625182337653,-1.0124607342335488,0.47530390907425313,-0.4854835974876369
555,1.5065125580669094,0.0,-1.5065125580669094,0.0,-0.4857264347899169
449,1.4697156572221821,0.188415466023215,-1.281300191198967,0.188415466023215,-0.4858029464217611
487,1.4482824146484894,0.5351143773717844,-0.9131680372767053,0.4330595792706623,-0.8524062824210801
511,1.377553769954341,0.3725664793547872,-1.004987290599554,0.36138342704751997,-0.45597211544202193
571,1.3593477597895829,0.7055547329317823,-0.6537930268578007,0.3632554342164167,-0.26297928109439966
572,1.3558906835690827,0.004488936003733079,-1.3514017475653497,0.004488936003733079,-0.4857134371728742
526,1.3103341024344313,0.0,-1.3103341024344313,0.0,-0.5609558007576321
523,1.2872888561049631,0.5616661839901833,-0.7256226721147798,0.5616661839901833,-0.4854515722367813
73,1.2005462676171157,0.516426224538096,-0.6841200430790199,0.23262528243888853,-0.5338063447397314
614,1.1576333321051506,0.0009869542609613684,-1.1566463778441889,6.168464131008551e-05,-0.6814144593435671
422,1.0758121218173902,0.0004976400545379681,-1.0753144817628524,3.317600363586455e-05,-0.4853936511666057
454,0.9866045369782359,0.19423290133368565,-0.7923716356445505,0.17026413760690862,-0.2632266657245684
468,0.972974958581124,0.0,-0.972974958581124,0.0,-0.27555831658774205
445,0.627184010100544,0.3642758560531138,-0.26290815404743006,0.36212957568492943,-0.26290815404743006
418,0.5268808920538204,0.06815461897323169,-0.45872627308058844,0.06815461897323169,-0.26313825297261084
537,0.48708582298743724,0.0,-0.48708582298743724,0.0,-0.48551414273956794
503,0.4557369048674873,0.014459060923990161,-0.44127784394349717,0.014459060923990161,-0.2631636045656145
427,0.20787882280977643,0.004733469265576053,-0.20314535354420032,0.00027843936856329724,-0.1435341949029049
457,0.20524797695324135,0.20524797695324135,0.0,0.20285639651755952,0.0
