HXB2_AA,alignment_site,HXB2_site
M,1,1
R,2,2
V,3,3
K,4,4
E,5,5
K,6,6
-,7,6x
-,8,6x
-,9,6x
-,10,6x
Y,11,7
Q,12,8
H,13,9
-,14,9x
-,15,9x
-,16,9x
-,17,9x
-,18,9x
-,19,9x
L,20,10
W,21,11
-,22,11x
-,23,11x
R,24,12
W,25,13
G,26,14
-,27,14x
-,28,14x
-,29,14x
-,30,14x
-,31,14x
-,32,14x
W,33,15
R,34,16
W,35,17
G,36,18
T,37,19
M,38,20
L,39,21
L,40,22
G,41,23
-,42,23x
-,43,23x
-,44,23x
M,45,24
L,46,25
M,47,26
-,48,26x
I,49,27
C,50,28
S,51,29
A,52,30
-,53,30x
-,54,30x
T,55,31
-,56,31x
-,57,31x
-,58,31x
-,59,31x
-,60,31x
-,61,31x
-,62,31x
-,63,31x
-,64,31x
-,65,31x
-,66,31x
-,67,31x
E,68,32
K,69,33
L,70,34
W,71,35
V,72,36
T,73,37
V,74,38
Y,75,39
Y,76,40
-,77,40x
-,78,40x
-,79,40x
-,80,40x
-,81,40x
-,82,40x
G,83,41
V,84,42
P,85,43
V,86,44
W,87,45
K,88,46
E,89,47
A,90,48
T,91,49
T,92,50
T,93,51
-,94,51x
-,95,51x
L,96,52
F,97,53
C,98,54
A,99,55
S,100,56
D,101,57
A,102,58
K,103,59
A,104,60
Y,105,61
D,106,62
T,107,63
E,108,64
V,109,65
H,110,66
N,111,67
-,112,67x
V,113,68
W,114,69
A,115,70
T,116,71
H,117,72
A,118,73
C,119,74
V,120,75
P,121,76
T,122,77
D,123,78
P,124,79
N,125,80
P,126,81
Q,127,82
E,128,83
V,129,84
V,130,85
L,131,86
V,132,87
-,133,87x
-,134,87x
-,135,87x
N,136,88
V,137,89
T,138,90
E,139,91
N,140,92
F,141,93
N,142,94
M,143,95
W,144,96
-,145,96x
K,146,97
N,147,98
D,148,99
M,149,100
V,150,101
E,151,102
Q,152,103
M,153,104
H,154,105
E,155,106
D,156,107
I,157,108
I,158,109
S,159,110
L,160,111
W,161,112
D,162,113
Q,163,114
S,164,115
L,165,116
K,166,117
P,167,118
C,168,119
V,169,120
K,170,121
L,171,122
T,172,123
P,173,124
L,174,125
C,175,126
V,176,127
S,177,128
L,178,129
K,179,130
C,180,131
T,181,132
D,182,133
L,183,134
K,184,135
N,185,136
D,186,137
T,187,138
N,188,139
T,189,140
N,190,141
S,191,142
-,192,142x
-,193,142x
-,194,142x
-,195,142x
-,196,142x
-,197,142x
-,198,142x
-,199,142x
-,200,142x
-,201,142x
-,202,142x
-,203,142x
-,204,142x
-,205,142x
-,206,142x
-,207,142x
-,208,142x
-,209,142x
-,210,142x
-,211,142x
-,212,142x
-,213,142x
-,214,142x
-,215,142x
-,216,142x
-,217,142x
-,218,142x
-,219,142x
-,220,142x
-,221,142x
-,222,142x
-,223,142x
-,224,142x
-,225,142x
-,226,142x
-,227,142x
-,228,142x
S,229,143
S,230,144
G,231,145
R,232,146
M,233,147
I,234,148
M,235,149
E,236,150
K,237,151
G,238,152
E,239,153
I,240,154
K,241,155
-,242,155x
-,243,155x
-,244,155x
-,245,155x
N,246,156
C,247,157
S,248,158
F,249,159
N,250,160
I,251,161
-,252,161x
S,253,162
T,254,163
-,255,163x
S,256,164
I,257,165
R,258,166
-,259,166x
-,260,166x
-,261,166x
-,262,166x
-,263,166x
-,264,166x
-,265,166x
G,266,167
K,267,168
V,268,169
Q,269,170
K,270,171
-,271,171x
E,272,172
Y,273,173
A,274,174
F,275,175
F,276,176
Y,277,177
K,278,178
L,279,179
D,280,180
I,281,181
I,282,182
P,283,183
I,284,184
D,285,185
N,286,186
-,287,186x
-,288,186x
-,289,186x
-,290,186x
-,291,186x
-,292,186x
-,293,186x
-,294,186x
-,295,186x
-,296,186x
-,297,186x
-,298,186x
-,299,186x
-,300,186x
-,301,186x
-,302,186x
-,303,186x
-,304,186x
-,305,186x
-,306,186x
-,307,186x
-,308,186x
-,309,186x
-,310,186x
-,311,186x
-,312,186x
-,313,186x
-,314,186x
-,315,186x
-,316,186x
-,317,186x
-,318,186x
-,319,186x
-,320,186x
-,321,186x
-,322,186x
-,323,186x
-,324,186x
-,325,186x
-,326,186x
-,327,186x
-,328,186x
-,329,186x
-,330,186x
-,331,186x
-,332,186x
D,333,187
T,334,188
T,335,189
S,336,190
Y,337,191
K,338,192
L,339,193
T,340,194
S,341,195
C,342,196
N,343,197
T,344,198
S,345,199
V,346,200
I,347,201
T,348,202
Q,349,203
A,350,204
C,351,205
P,352,206
K,353,207
V,354,208
S,355,209
F,356,210
E,357,211
P,358,212
I,359,213
P,360,214
I,361,215
H,362,216
Y,363,217
C,364,218
A,365,219
P,366,220
A,367,221
-,368,221x
-,369,221x
G,370,222
F,371,223
A,372,224
I,373,225
L,374,226
K,375,227
C,376,228
-,377,228x
N,378,229
N,379,230
K,380,231
T,381,232
F,382,233
N,383,234
G,384,235
T,385,236
G,386,237
P,387,238
C,388,239
T,389,240
N,390,241
-,391,241x
V,392,242
S,393,243
T,394,244
V,395,245
Q,396,246
C,397,247
T,398,248
H,399,249
G,400,250
I,401,251
R,402,252
P,403,253
V,404,254
V,405,255
S,406,256
T,407,257
Q,408,258
L,409,259
L,410,260
L,411,261
-,412,261x
-,413,261x
-,414,261x
N,415,262
G,416,263
S,417,264
-,418,264x
L,419,265
A,420,266
E,421,267
E,422,268
E,423,269
-,424,269x
-,425,269x
-,426,269x
-,427,269x
-,428,269x
-,429,269x
-,430,269x
-,431,269x
-,432,269x
-,433,269x
-,434,269x
-,435,269x
V,436,270
V,437,271
I,438,272
R,439,273
S,440,274
V,441,275
N,442,276
F,443,277
T,444,278
D,445,279
N,446,280
A,447,281
K,448,282
T,449,283
I,450,284
I,451,285
V,452,286
Q,453,287
L,454,288
N,455,289
-,456,289x
-,457,289x
T,458,290
S,459,291
V,460,292
E,461,293
I,462,294
N,463,295
C,464,296
T,465,297
R,466,298
P,467,299
-,468,299x
N,469,300
N,470,301
N,471,302
T,472,303
R,473,304
K,474,305
R,475,306
-,476,306x
-,477,306x
-,478,306x
-,479,306x
-,480,306x
-,481,306x
I,482,307
R,483,308
I,484,309
Q,485,310
-,486,310x
-,487,310x
-,488,310x
-,489,310x
-,490,310x
-,491,310x
-,492,310x
-,493,310x
-,494,310x
-,495,310x
-,496,310x
-,497,310x
-,498,310x
-,499,310x
-,500,310x
-,501,310x
-,502,310x
-,503,310x
-,504,310x
R,505,311
G,506,312
P,507,313
G,508,314
R,509,315
A,510,316
-,511,316x
-,512,316x
F,513,317
V,514,318
-,515,318x
-,516,318x
-,517,318x
-,518,318x
-,519,318x
-,520,318x
-,521,318x
T,522,319
I,523,320
G,524,321
K,525,322
-,526,322a
-,527,322x
-,528,322x
-,529,322x
-,530,322x
-,531,322x
I,532,323
G,533,324
N,534,325
M,535,326
R,536,327
Q,537,328
A,538,329
-,539,329x
-,540,329x
H,541,330
C,542,331
N,543,332
I,544,333
S,545,334
R,546,335
A,547,336
-,548,336x
-,549,336x
K,550,337
W,551,338
N,552,339
N,553,340
T,554,341
L,555,342
K,556,343
Q,557,344
I,558,345
A,559,346
-,560,346x
S,561,347
K,562,348
L,563,349
R,564,350
-,565,350x
-,566,350x
-,567,350x
-,568,350x
-,569,350x
-,570,350x
-,571,350x
E,572,351
Q,573,352
F,574,353
G,575,354
-,576,354x
-,577,354x
-,578,354x
-,579,354x
-,580,354x
-,581,354x
-,582,354x
-,583,354x
N,584,355
N,585,356
K,586,357
T,587,358
I,588,359
I,589,360
F,590,361
K,591,362
-,592,362x
-,593,362x
-,594,362x
-,595,362x
-,596,362x
-,597,362x
Q,598,363
S,599,364
S,600,365
G,601,366
G,602,367
D,603,368
P,604,369
E,605,370
I,606,371
V,607,372
T,608,373
H,609,374
-,610,374x
S,611,375
F,612,376
N,613,377
C,614,378
G,615,379
G,616,380
E,617,381
-,618,381x
F,619,382
F,620,383
Y,621,384
C,622,385
N,623,386
S,624,387
T,625,388
Q,626,389
L,627,390
F,628,391
N,629,392
S,630,393
T,631,394
W,632,395
F,633,396
N,634,397
S,635,398
T,636,399
W,637,400
S,638,401
T,639,402
E,640,403
G,641,404
S,642,405
N,643,406
N,644,407
T,645,408
-,646,408x
-,647,408x
-,648,408x
-,649,408x
-,650,408x
-,651,408x
-,652,408x
-,653,408x
-,654,408x
-,655,408x
-,656,408x
-,657,408x
-,658,408x
-,659,408x
-,660,408x
-,661,408x
-,662,408x
-,663,408x
-,664,408x
-,665,408x
-,666,408x
-,667,408x
-,668,408x
-,669,408x
E,670,409
G,671,410
S,672,411
D,673,412
T,674,413
I,675,414
T,676,415
L,677,416
P,678,417
C,679,418
R,680,419
I,681,420
K,682,421
Q,683,422
I,684,423
I,685,424
N,686,425
M,687,426
W,688,427
Q,689,428
K,690,429
V,691,430
G,692,431
K,693,432
A,694,433
M,695,434
Y,696,435
A,697,436
P,698,437
P,699,438
I,700,439
S,701,440
G,702,441
Q,703,442
I,704,443
R,705,444
-,706,444x
-,707,444x
-,708,444x
-,709,444x
C,710,445
S,711,446
S,712,447
N,713,448
-,714,448x
I,715,449
T,716,450
G,717,451
L,718,452
L,719,453
L,720,454
T,721,455
R,722,456
D,723,457
G,724,458
G,725,459
N,726,460
S,727,461
N,728,462
N,729,463
-,730,463x
-,731,463x
-,732,463x
-,733,463x
-,734,463x
-,735,463x
-,736,463x
-,737,463x
-,738,463x
-,739,463x
-,740,463x
-,741,463x
-,742,463x
-,743,463x
-,744,463x
-,745,463x
-,746,463x
-,747,463x
-,748,463x
-,749,463x
-,750,463x
-,751,463x
-,752,463x
-,753,463x
-,754,463x
-,755,463x
-,756,463x
-,757,463x
-,758,463x
-,759,463x
-,760,463x
-,761,463x
-,762,463x
-,763,463x
-,764,463x
-,765,463x
-,766,463x
-,767,463x
E,768,464
S,769,465
E,770,466
I,771,467
F,772,468
R,773,469
P,774,470
G,775,471
G,776,472
G,777,473
D,778,474
M,779,475
R,780,476
D,781,477
N,782,478
W,783,479
R,784,480
S,785,481
-,786,481x
-,787,481x
E,788,482
L,789,483
Y,790,484
K,791,485
Y,792,486
K,793,487
V,794,488
V,795,489
-,796,489x
K,797,490
I,798,491
E,799,492
P,800,493
-,801,493x
L,802,494
G,803,495
V,804,496
A,805,497
P,806,498
-,807,498x
-,808,498x
T,809,499
K,810,500
A,811,501
K,812,502
R,813,503
R,814,504
V,815,505
V,816,506
-,817,506x
-,818,506x
-,819,506x
-,820,506x
-,821,506x
-,822,506x
-,823,506x
-,824,506x
-,825,506x
-,826,506x
-,827,506x
-,828,506x
-,829,506x
Q,830,507
R,831,508
E,832,509
K,833,510
R,834,511
A,835,512
-,836,512x
V,837,513
G,838,514
-,839,514x
-,840,514x
-,841,514x
-,842,514x
-,843,514x
-,844,514x
I,845,515
G,846,516
A,847,517
L,848,518
-,849,518x
F,850,519
L,851,520
G,852,521
F,853,522
L,854,523
G,855,524
A,856,525
-,857,525x
A,858,526
G,859,527
S,860,528
T,861,529
M,862,530
G,863,531
A,864,532
A,865,533
S,866,534
M,867,535
T,868,536
L,869,537
T,870,538
V,871,539
Q,872,540
A,873,541
R,874,542
Q,875,543
L,876,544
L,877,545
-,878,545x
S,879,546
G,880,547
I,881,548
V,882,549
Q,883,550
-,884,550x
-,885,550x
Q,886,551
Q,887,552
N,888,553
N,889,554
L,890,555
L,891,556
R,892,557
A,893,558
I,894,559
E,895,560
A,896,561
Q,897,562
Q,898,563
H,899,564
L,900,565
L,901,566
Q,902,567
L,903,568
T,904,569
V,905,570
W,906,571
G,907,572
-,908,572x
I,909,573
K,910,574
Q,911,575
L,912,576
Q,913,577
-,914,577x
A,915,578
R,916,579
-,917,579x
I,918,580
L,919,581
A,920,582
V,921,583
E,922,584
R,923,585
Y,924,586
L,925,587
K,926,588
-,927,588x
D,928,589
Q,929,590
Q,930,591
L,931,592
L,932,593
G,933,594
I,934,595
W,935,596
-,936,596x
G,937,597
C,938,598
S,939,599
G,940,600
K,941,601
L,942,602
I,943,603
C,944,604
-,945,604x
-,946,604x
-,947,604x
T,948,605
T,949,606
A,950,607
V,951,608
P,952,609
W,953,610
N,954,611
A,955,612
-,956,612x
-,957,612x
S,958,613
W,959,614
S,960,615
-,961,615x
-,962,615x
-,963,615x
-,964,615x
-,965,615x
-,966,615x
-,967,615x
-,968,615x
-,969,615x
-,970,615x
-,971,615x
-,972,615x
-,973,615x
N,974,616
K,975,617
S,976,618
L,977,619
E,978,620
Q,979,621
I,980,622
W,981,623
N,982,624
-,983,624x
-,984,624x
-,985,624x
H,986,625
T,987,626
T,988,627
W,989,628
M,990,629
E,991,630
W,992,631
-,993,631x
D,994,632
R,995,633
E,996,634
I,997,635
N,998,636
N,999,637
Y,1000,638
T,1001,639
S,1002,640
L,1003,641
I,1004,642
H,1005,643
S,1006,644
L,1007,645
I,1008,646
E,1009,647
E,1010,648
S,1011,649
Q,1012,650
N,1013,651
Q,1014,652
Q,1015,653
E,1016,654
-,1017,654x
K,1018,655
N,1019,656
E,1020,657
Q,1021,658
E,1022,659
L,1023,660
-,1024,660x
-,1025,660x
L,1026,661
E,1027,662
L,1028,663
D,1029,664
K,1030,665
W,1031,666
A,1032,667
S,1033,668
L,1034,669
W,1035,670
N,1036,671
W,1037,672
F,1038,673
N,1039,674
I,1040,675
T,1041,676
N,1042,677
W,1043,678
L,1044,679
W,1045,680
Y,1046,681
I,1047,682
K,1048,683
L,1049,684
F,1050,685
I,1051,686
M,1052,687
I,1053,688
V,1054,689
G,1055,690
G,1056,691
L,1057,692
V,1058,693
G,1059,694
L,1060,695
R,1061,696
I,1062,697
V,1063,698
F,1064,699
A,1065,700
-,1066,700x
V,1067,701
L,1068,702
S,1069,703
I,1070,704
V,1071,705
N,1072,706
R,1073,707
V,1074,708
R,1075,709
Q,1076,710
G,1077,711
Y,1078,712
S,1079,713
P,1080,714
L,1081,715
S,1082,716
F,1083,717
Q,1084,718
T,1085,719
-,1086,719x
H,1087,720
L,1088,721
P,1089,722
-,1090,722x
-,1091,722x
-,1092,722x
T,1093,723
P,1094,724
R,1095,725
G,1096,726
-,1097,726x
-,1098,726x
P,1099,727
D,1100,728
R,1101,729
P,1102,730
E,1103,731
G,1104,732
I,1105,733
E,1106,734
E,1107,735
E,1108,736
-,1109,736x
G,1110,737
G,1111,738
E,1112,739
R,1113,740
D,1114,741
R,1115,742
D,1116,743
R,1117,744
S,1118,745
I,1119,746
R,1120,747
L,1121,748
V,1122,749
N,1123,750
G,1124,751
S,1125,752
L,1126,753
A,1127,754
L,1128,755
I,1129,756
W,1130,757
D,1131,758
D,1132,759
L,1133,760
R,1134,761
S,1135,762
L,1136,763
C,1137,764
L,1138,765
F,1139,766
S,1140,767
Y,1141,768
-,1142,768x
-,1143,768x
-,1144,768x
-,1145,768x
H,1146,769
R,1147,770
L,1148,771
R,1149,772
D,1150,773
L,1151,774
L,1152,775
L,1153,776
I,1154,777
V,1155,778
T,1156,779
R,1157,780
I,1158,781
V,1159,782
E,1160,783
L,1161,784
L,1162,785
G,1163,786
R,1164,787
-,1165,787x
-,1166,787x
-,1167,787x
-,1168,787x
-,1169,787x
-,1170,787x
-,1171,787x
-,1172,787x
-,1173,787x
-,1174,787x
-,1175,787x
-,1176,787x
-,1177,787x
-,1178,787x
-,1179,787x
-,1180,787x
R,1181,788
G,1182,789
W,1183,790
E,1184,791
A,1185,792
L,1186,793
K,1187,794
Y,1188,795
W,1189,796
-,1190,796x
-,1191,796x
W,1192,797
N,1193,798
L,1194,799
L,1195,800
Q,1196,801
Y,1197,802
W,1198,803
S,1199,804
Q,1200,805
E,1201,806
L,1202,807
K,1203,808
N,1204,809
S,1205,810
A,1206,811
V,1207,812
S,1208,813
L,1209,814
L,1210,815
N,1211,816
A,1212,817
T,1213,818
A,1214,819
-,1215,819x
I,1216,820
A,1217,821
V,1218,822
A,1219,823
E,1220,824
G,1221,825
T,1222,826
D,1223,827
R,1224,828
V,1225,829
I,1226,830
E,1227,831
V,1228,832
V,1229,833
Q,1230,834
G,1231,835
A,1232,836
C,1233,837
R,1234,838
A,1235,839
-,1236,839x
-,1237,839x
-,1238,839x
I,1239,840
R,1240,841
H,1241,842
I,1242,843
P,1243,844
R,1244,845
R,1245,846
I,1246,847
R,1247,848
Q,1248,849
G,1249,850
-,1250,850x
-,1251,850x
-,1252,850x
L,1253,851
E,1254,852
R,1255,853
I,1256,854
-,1257,854x
-,1258,854x
L,1259,855
L,1260,856
-,1261,856x
*,1262,857
